25.0,46.0,25.82
25.0,46.0,25.82
25.0,46.0,25.82
25.0,46.0,25.82
25.0,46.0,25.82
25.0,46.0,25.82
25.0,45.0,25.8
25.0,45.0,25.8
25.0,45.0,25.8
25.0,45.0,25.8
25.0,46.0,25.82
25.0,46.0,25.82
25.0,45.0,25.8
25.0,45.0,25.8
25.0,45.0,25.8
25.0,45.0,25.8
25.0,45.0,25.8
25.0,45.0,25.8
25.0,46.0,25.82
25.0,46.0,25.82,Mon Sep 14 00:53:00 2015
25.0,46.0,25.82,Mon Sep 14 00:53:01 2015
25.0,46.0,25.82,Mon Sep 14 00:53:02 2015
25.0,46.0,25.82,Mon Sep 14 00:53:03 2015
25.0,46.0,25.82,Mon Sep 14 00:53:04 2015
25.0,46.0,25.82,Mon Sep 14 00:53:05 2015
26.0,45.0,26.39,Mon Sep 14 00:53:06 2015
26.0,45.0,26.39,Mon Sep 14 00:53:07 2015
25.0,45.0,25.8,Mon Sep 14 00:53:09 2015
25.0,45.0,25.8,Mon Sep 14 00:53:10 2015
25.0,45.0,25.8,Mon Sep 14 00:53:11 2015
25.0,45.0,25.8,Mon Sep 14 00:53:12 2015
25.0,45.0,25.8,Mon Sep 14 00:53:13 2015
25.0,45.0,25.8,Mon Sep 14 00:53:14 2015
25.0,46.0,25.82,Mon Sep 14 00:53:15 2015
25.0,46.0,25.82,Mon Sep 14 00:53:16 2015
25.0,45.0,25.8,Mon Sep 14 00:53:18 2015
25.0,45.0,25.8,Mon Sep 14 00:53:19 2015
25.0,45.0,25.8,Mon Sep 14 00:53:20 2015
25.0,45.0,25.8,Mon Sep 14 00:53:21 2015
25.0,45.0,25.8,Mon Sep 14 00:53:22 2015
25.0,45.0,25.8,Mon Sep 14 00:53:23 2015
25.0,45.0,25.8,Mon Sep 14 00:53:25 2015
25.0,45.0,25.8,Mon Sep 14 00:53:26 2015
25.0,46.0,25.82,Mon Sep 14 00:53:27 2015
25.0,46.0,25.82,Mon Sep 14 00:53:28 2015
25.0,46.0,25.82,Mon Sep 14 00:53:29 2015
25.0,46.0,25.82,Mon Sep 14 00:53:30 2015
25.0,46.0,25.82,Mon Sep 14 00:53:31 2015
25.0,46.0,25.82,Mon Sep 14 00:53:32 2015
25.0,45.0,25.8,Mon Sep 14 00:53:34 2015
25.0,45.0,25.8,Mon Sep 14 00:53:35 2015
25.0,45.0,25.8,Mon Sep 14 00:53:36 2015
25.0,45.0,25.8,Mon Sep 14 00:53:37 2015
25.0,46.0,25.82,Mon Sep 14 00:53:38 2015
26.0,39.0,26.17,Mon Sep 14 15:48:25 2015
26.0,39.0,26.17,Mon Sep 14 15:48:26 2015
26.0,39.0,26.17,Mon Sep 14 15:48:27 2015
26.0,39.0,26.17,Mon Sep 14 15:48:28 2015
26.0,39.0,26.17,Mon Sep 14 15:48:29 2015
26.0,39.0,26.17,Mon Sep 14 15:48:30 2015
26.0,39.0,26.17,Mon Sep 14 15:48:32 2015
26.0,39.0,26.17,Mon Sep 14 15:48:33 2015
26.0,39.0,26.17,Mon Sep 14 15:48:34 2015
26.0,39.0,26.17,Mon Sep 14 15:48:35 2015
26.0,39.0,26.17,Mon Sep 14 15:48:36 2015
26.0,39.0,26.17,Mon Sep 14 15:48:37 2015
26.0,39.0,26.17,Mon Sep 14 15:48:38 2015
26.0,39.0,26.17,Mon Sep 14 15:48:39 2015
26.0,39.0,26.17,Mon Sep 14 15:48:41 2015
26.0,39.0,26.17,Mon Sep 14 15:48:42 2015
26.0,39.0,26.17,Mon Sep 14 15:48:43 2015
26.0,39.0,26.17,Mon Sep 14 15:48:44 2015
26.0,39.0,26.17,Mon Sep 14 15:48:45 2015
26.0,39.0,26.17,Mon Sep 14 15:48:46 2015
26.0,39.0,26.17,Mon Sep 14 15:48:48 2015
26.0,39.0,26.17,Mon Sep 14 15:48:49 2015
26.0,39.0,26.17,Mon Sep 14 15:48:50 2015
26.0,39.0,26.17,Mon Sep 14 15:48:51 2015
26.0,39.0,26.17,Mon Sep 14 15:48:52 2015
26.0,39.0,26.17,Mon Sep 14 15:48:53 2015
26.0,39.0,26.17,Mon Sep 14 15:48:54 2015
26.0,39.0,26.17,Mon Sep 14 15:48:55 2015
26.0,39.0,26.17,Mon Sep 14 15:48:57 2015
26.0,39.0,26.17,Mon Sep 14 15:48:58 2015
26.0,39.0,26.17,Mon Sep 14 15:48:59 2015
26.0,39.0,26.17,Mon Sep 14 15:49:00 2015
26.0,39.0,26.17,Mon Sep 14 15:49:01 2015
26.0,39.0,26.17,Mon Sep 14 15:49:02 2015
26.0,39.0,26.17,Mon Sep 14 15:49:03 2015
26.0,39.0,26.17,Mon Sep 14 15:49:05 2015
26.0,39.0,26.17,Mon Sep 14 15:49:06 2015
26.0,39.0,26.17,Mon Sep 14 15:49:07 2015
26.0,39.0,26.17,Mon Sep 14 15:49:08 2015
26.0,39.0,26.17,Mon Sep 14 15:49:09 2015
26.0,39.0,26.17,Mon Sep 14 15:49:10 2015
26.0,39.0,26.17,Mon Sep 14 15:49:11 2015
26.0,39.0,26.17,Mon Sep 14 15:49:13 2015
26.0,39.0,26.17,Mon Sep 14 15:49:14 2015
26.0,39.0,26.17,Mon Sep 14 15:49:15 2015
26.0,39.0,26.17,Mon Sep 14 15:49:16 2015
26.0,39.0,26.17,Mon Sep 14 15:49:17 2015
26.0,39.0,26.17,Mon Sep 14 15:49:18 2015
26.0,39.0,26.17,Mon Sep 14 15:49:19 2015
26.0,39.0,26.17,Mon Sep 14 15:49:20 2015
26.0,39.0,26.17,Mon Sep 14 15:49:22 2015
26.0,39.0,26.17,Mon Sep 14 15:49:23 2015
26.0,39.0,26.17,Mon Sep 14 15:49:24 2015
26.0,39.0,26.17,Mon Sep 14 15:49:25 2015
26.0,39.0,26.17,Mon Sep 14 15:49:26 2015
26.0,39.0,26.17,Mon Sep 14 15:49:27 2015
26.0,39.0,26.17,Mon Sep 14 15:49:29 2015
26.0,39.0,26.17,Mon Sep 14 15:49:30 2015
26.0,39.0,26.17,Mon Sep 14 15:49:31 2015
26.0,39.0,26.17,Mon Sep 14 15:49:32 2015
26.0,39.0,26.17,Mon Sep 14 15:49:33 2015
26.0,39.0,26.17,Mon Sep 14 15:49:34 2015
26.0,39.0,26.17,Mon Sep 14 15:49:35 2015
26.0,39.0,26.17,Mon Sep 14 15:49:36 2015
26.0,39.0,26.17,Mon Sep 14 15:49:38 2015
26.0,39.0,26.17,Mon Sep 14 15:49:39 2015
26.0,39.0,26.17,Mon Sep 14 15:49:40 2015
26.0,39.0,26.17,Mon Sep 14 15:49:41 2015
26.0,39.0,26.17,Mon Sep 14 15:49:42 2015
26.0,39.0,26.17,Mon Sep 14 15:49:43 2015
26.0,39.0,26.17,Mon Sep 14 15:49:44 2015
26.0,39.0,26.17,Mon Sep 14 15:49:45 2015
26.0,39.0,26.17,Mon Sep 14 15:49:47 2015
26.0,39.0,26.17,Mon Sep 14 15:49:48 2015
26.0,39.0,26.17,Mon Sep 14 15:49:49 2015
26.0,39.0,26.17,Mon Sep 14 15:49:50 2015
26.0,39.0,26.17,Mon Sep 14 15:49:51 2015
26.0,39.0,26.17,Mon Sep 14 15:49:52 2015
26.0,39.0,26.17,Mon Sep 14 15:49:54 2015
26.0,39.0,26.17,Mon Sep 14 15:49:55 2015
26.0,39.0,26.17,Mon Sep 14 15:49:56 2015
26.0,39.0,26.17,Mon Sep 14 15:49:57 2015
26.0,39.0,26.17,Mon Sep 14 15:49:58 2015
26.0,39.0,26.17,Mon Sep 14 15:49:59 2015
26.0,39.0,26.17,Mon Sep 14 15:50:00 2015
26.0,39.0,26.17,Mon Sep 14 15:50:01 2015
26.0,39.0,26.17,Mon Sep 14 15:50:03 2015
26.0,39.0,26.17,Mon Sep 14 15:50:04 2015
26.0,39.0,26.17,Mon Sep 14 15:50:05 2015
26.0,39.0,26.17,Mon Sep 14 15:50:06 2015
26.0,39.0,26.17,Mon Sep 14 15:50:07 2015
26.0,39.0,26.17,Mon Sep 14 15:50:08 2015
26.0,39.0,26.17,Mon Sep 14 15:50:10 2015
26.0,39.0,26.17,Mon Sep 14 15:50:10 2015
26.0,39.0,26.17,Mon Sep 14 15:50:12 2015
26.0,39.0,26.17,Mon Sep 14 15:50:13 2015
26.0,39.0,26.17,Mon Sep 14 15:50:14 2015
26.0,39.0,26.17,Mon Sep 14 15:50:15 2015
26.0,39.0,26.17,Mon Sep 14 15:50:16 2015
26.0,39.0,26.17,Mon Sep 14 15:50:17 2015
26.0,39.0,26.17,Mon Sep 14 15:50:19 2015
26.0,39.0,26.17,Mon Sep 14 15:50:20 2015
26.0,39.0,26.17,Mon Sep 14 15:50:21 2015
26.0,39.0,26.17,Mon Sep 14 15:50:22 2015
26.0,39.0,26.17,Mon Sep 14 15:50:23 2015
26.0,39.0,26.17,Mon Sep 14 15:50:24 2015
26.0,39.0,26.17,Mon Sep 14 15:50:25 2015
26.0,39.0,26.17,Mon Sep 14 15:50:26 2015
26.0,39.0,26.17,Mon Sep 14 15:50:28 2015
26.0,39.0,26.17,Mon Sep 14 15:50:29 2015
26.0,39.0,26.17,Mon Sep 14 15:50:30 2015
26.0,39.0,26.17,Mon Sep 14 15:50:31 2015
26.0,39.0,26.17,Mon Sep 14 15:50:32 2015
26.0,39.0,26.17,Mon Sep 14 15:50:33 2015
26.0,39.0,26.17,Mon Sep 14 15:50:35 2015
26.0,39.0,26.17,Mon Sep 14 15:50:36 2015
26.0,39.0,26.17,Mon Sep 14 15:50:37 2015
26.0,39.0,26.17,Mon Sep 14 15:50:38 2015
26.0,39.0,26.17,Mon Sep 14 15:50:39 2015
26.0,39.0,26.17,Mon Sep 14 15:50:40 2015
26.0,39.0,26.17,Mon Sep 14 15:50:41 2015
26.0,39.0,26.17,Mon Sep 14 15:50:42 2015
26.0,39.0,26.17,Mon Sep 14 15:50:44 2015
26.0,39.0,26.17,Mon Sep 14 15:50:45 2015
26.0,39.0,26.17,Mon Sep 14 15:50:46 2015
26.0,39.0,26.17,Mon Sep 14 15:50:47 2015
26.0,39.0,26.17,Mon Sep 14 15:50:48 2015
26.0,39.0,26.17,Mon Sep 14 15:50:49 2015
26.0,39.0,26.17,Mon Sep 14 15:50:51 2015
26.0,39.0,26.17,Mon Sep 14 15:50:51 2015
26.0,39.0,26.17,Mon Sep 14 15:50:53 2015
26.0,39.0,26.17,Mon Sep 14 15:50:54 2015
26.0,39.0,26.17,Mon Sep 14 15:50:55 2015
26.0,39.0,26.17,Mon Sep 14 15:50:56 2015
26.0,39.0,26.17,Mon Sep 14 15:50:57 2015
26.0,39.0,26.17,Mon Sep 14 15:50:58 2015
26.0,39.0,26.17,Mon Sep 14 15:51:00 2015
26.0,39.0,26.17,Mon Sep 14 15:51:01 2015
26.0,39.0,26.17,Mon Sep 14 15:51:02 2015
26.0,39.0,26.17,Mon Sep 14 15:51:03 2015
26.0,39.0,26.17,Mon Sep 14 15:51:04 2015
26.0,39.0,26.17,Mon Sep 14 15:51:05 2015
26.0,39.0,26.17,Mon Sep 14 15:51:06 2015
26.0,39.0,26.17,Mon Sep 14 15:51:07 2015
26.0,39.0,26.17,Mon Sep 14 15:51:09 2015
26.0,39.0,26.17,Mon Sep 14 15:51:10 2015
26.0,39.0,26.17,Mon Sep 14 15:51:11 2015
26.0,39.0,26.17,Mon Sep 14 15:51:12 2015
26.0,39.0,26.17,Mon Sep 14 15:51:13 2015
26.0,39.0,26.17,Mon Sep 14 15:51:14 2015
26.0,39.0,26.17,Mon Sep 14 15:51:16 2015
26.0,39.0,26.17,Mon Sep 14 15:51:17 2015
26.0,39.0,26.17,Mon Sep 14 15:51:18 2015
26.0,39.0,26.17,Mon Sep 14 15:51:19 2015
26.0,39.0,26.17,Mon Sep 14 15:51:20 2015
26.0,39.0,26.17,Mon Sep 14 15:51:21 2015
26.0,39.0,26.17,Mon Sep 14 15:51:22 2015
26.0,39.0,26.17,Mon Sep 14 15:51:23 2015
26.0,39.0,26.17,Mon Sep 14 15:51:25 2015
26.0,39.0,26.17,Mon Sep 14 15:51:26 2015
26.0,39.0,26.17,Mon Sep 14 15:51:27 2015
26.0,39.0,26.17,Mon Sep 14 15:51:28 2015
26.0,39.0,26.17,Mon Sep 14 15:51:29 2015
26.0,39.0,26.17,Mon Sep 14 15:51:30 2015
26.0,39.0,26.17,Mon Sep 14 15:51:32 2015
26.0,39.0,26.17,Mon Sep 14 15:51:32 2015
26.0,39.0,26.17,Mon Sep 14 15:51:34 2015
26.0,39.0,26.17,Mon Sep 14 15:51:35 2015
26.0,39.0,26.17,Mon Sep 14 15:51:36 2015
26.0,39.0,26.17,Mon Sep 14 15:51:37 2015
26.0,39.0,26.17,Mon Sep 14 15:51:38 2015
26.0,39.0,26.17,Mon Sep 14 15:51:39 2015
26.0,39.0,26.17,Mon Sep 14 15:51:41 2015
26.0,39.0,26.17,Mon Sep 14 15:51:42 2015
26.0,39.0,26.17,Mon Sep 14 15:51:43 2015
26.0,39.0,26.17,Mon Sep 14 15:51:44 2015
26.0,39.0,26.17,Mon Sep 14 15:51:45 2015
26.0,39.0,26.17,Mon Sep 14 15:51:46 2015
26.0,39.0,26.17,Mon Sep 14 15:51:47 2015
26.0,39.0,26.17,Mon Sep 14 15:51:48 2015
26.0,39.0,26.17,Mon Sep 14 15:51:50 2015
26.0,39.0,26.17,Mon Sep 14 15:51:51 2015
26.0,39.0,26.17,Mon Sep 14 15:51:52 2015
26.0,39.0,26.17,Mon Sep 14 15:51:53 2015
26.0,39.0,26.17,Mon Sep 14 15:51:54 2015
26.0,39.0,26.17,Mon Sep 14 15:51:55 2015
26.0,39.0,26.17,Mon Sep 14 15:51:57 2015
26.0,39.0,26.17,Mon Sep 14 15:51:57 2015
26.0,39.0,26.17,Mon Sep 14 15:51:59 2015
26.0,39.0,26.17,Mon Sep 14 15:52:00 2015
26.0,39.0,26.17,Mon Sep 14 15:52:01 2015
26.0,39.0,26.17,Mon Sep 14 15:52:02 2015
26.0,39.0,26.17,Mon Sep 14 15:52:03 2015
26.0,39.0,26.17,Mon Sep 14 15:52:04 2015
26.0,39.0,26.17,Mon Sep 14 15:52:06 2015
26.0,39.0,26.17,Mon Sep 14 15:52:07 2015
26.0,39.0,26.17,Mon Sep 14 15:52:08 2015
26.0,39.0,26.17,Mon Sep 14 15:52:09 2015
26.0,39.0,26.17,Mon Sep 14 15:52:10 2015
26.0,39.0,26.17,Mon Sep 14 15:52:11 2015
26.0,39.0,26.17,Mon Sep 14 15:52:12 2015
26.0,39.0,26.17,Mon Sep 14 15:52:13 2015
26.0,39.0,26.17,Mon Sep 14 15:52:15 2015
26.0,39.0,26.17,Mon Sep 14 15:52:16 2015
26.0,39.0,26.17,Mon Sep 14 15:52:17 2015
26.0,39.0,26.17,Mon Sep 14 15:52:18 2015
26.0,39.0,26.17,Mon Sep 14 15:52:19 2015
26.0,39.0,26.17,Mon Sep 14 15:52:20 2015
26.0,39.0,26.17,Mon Sep 14 15:52:22 2015
26.0,39.0,26.17,Mon Sep 14 15:52:23 2015
26.0,39.0,26.17,Mon Sep 14 15:52:24 2015
26.0,39.0,26.17,Mon Sep 14 15:52:25 2015
26.0,39.0,26.17,Mon Sep 14 15:52:26 2015
26.0,39.0,26.17,Mon Sep 14 15:52:27 2015
26.0,39.0,26.17,Mon Sep 14 15:52:28 2015
26.0,39.0,26.17,Mon Sep 14 15:52:29 2015
26.0,39.0,26.17,Mon Sep 14 15:52:31 2015
26.0,39.0,26.17,Mon Sep 14 15:52:32 2015
26.0,39.0,26.17,Mon Sep 14 15:52:33 2015
26.0,39.0,26.17,Mon Sep 14 15:52:34 2015
26.0,39.0,26.17,Mon Sep 14 15:52:35 2015
26.0,39.0,26.17,Mon Sep 14 15:52:36 2015
26.0,39.0,26.17,Mon Sep 14 15:52:37 2015
26.0,39.0,26.17,Mon Sep 14 15:52:38 2015
26.0,39.0,26.17,Mon Sep 14 15:52:40 2015
26.0,39.0,26.17,Mon Sep 14 15:52:41 2015
26.0,39.0,26.17,Mon Sep 14 15:52:42 2015
26.0,39.0,26.17,Mon Sep 14 15:52:43 2015
26.0,39.0,26.17,Mon Sep 14 15:52:44 2015
26.0,39.0,26.17,Mon Sep 14 15:52:45 2015
26.0,39.0,26.17,Mon Sep 14 15:52:47 2015
26.0,39.0,26.17,Mon Sep 14 15:52:48 2015
26.0,39.0,26.17,Mon Sep 14 15:52:49 2015
26.0,39.0,26.17,Mon Sep 14 15:52:50 2015
26.0,39.0,26.17,Mon Sep 14 15:52:51 2015
26.0,39.0,26.17,Mon Sep 14 15:52:52 2015
26.0,39.0,26.17,Mon Sep 14 15:52:53 2015
26.0,39.0,26.17,Mon Sep 14 15:52:54 2015
26.0,39.0,26.17,Mon Sep 14 15:52:56 2015
26.0,39.0,26.17,Mon Sep 14 15:52:57 2015
26.0,39.0,26.17,Mon Sep 14 15:52:58 2015
26.0,39.0,26.17,Mon Sep 14 15:52:59 2015
26.0,39.0,26.17,Mon Sep 14 15:53:00 2015
26.0,39.0,26.17,Mon Sep 14 15:53:01 2015
26.0,39.0,26.17,Mon Sep 14 15:53:03 2015
26.0,39.0,26.17,Mon Sep 14 15:53:04 2015
26.0,39.0,26.17,Mon Sep 14 15:53:05 2015
26.0,39.0,26.17,Mon Sep 14 15:53:06 2015
26.0,39.0,26.17,Mon Sep 14 15:53:07 2015
26.0,39.0,26.17,Mon Sep 14 15:53:08 2015
26.0,39.0,26.17,Mon Sep 14 15:53:09 2015
26.0,39.0,26.17,Mon Sep 14 15:53:10 2015
26.0,39.0,26.17,Mon Sep 14 15:53:12 2015
26.0,39.0,26.17,Mon Sep 14 15:53:13 2015
26.0,39.0,26.17,Mon Sep 14 15:53:14 2015
26.0,39.0,26.17,Mon Sep 14 15:53:15 2015
26.0,39.0,26.17,Mon Sep 14 15:53:16 2015
26.0,39.0,26.17,Mon Sep 14 15:53:17 2015
26.0,39.0,26.17,Mon Sep 14 15:53:18 2015
26.0,39.0,26.17,Mon Sep 14 15:53:19 2015
26.0,39.0,26.17,Mon Sep 14 15:53:21 2015
26.0,39.0,26.17,Mon Sep 14 15:53:22 2015
26.0,39.0,26.17,Mon Sep 14 15:53:23 2015
26.0,39.0,26.17,Mon Sep 14 15:53:24 2015
26.0,39.0,26.17,Mon Sep 14 15:53:25 2015
26.0,39.0,26.17,Mon Sep 14 15:53:26 2015
26.0,39.0,26.17,Mon Sep 14 15:53:28 2015
26.0,39.0,26.17,Mon Sep 14 15:53:29 2015
26.0,39.0,26.17,Mon Sep 14 15:53:30 2015
26.0,39.0,26.17,Mon Sep 14 15:53:31 2015
26.0,39.0,26.17,Mon Sep 14 15:53:32 2015
26.0,39.0,26.17,Mon Sep 14 15:53:33 2015
26.0,39.0,26.17,Mon Sep 14 15:53:34 2015
26.0,39.0,26.17,Mon Sep 14 15:53:35 2015
26.0,39.0,26.17,Mon Sep 14 15:53:37 2015
26.0,39.0,26.17,Mon Sep 14 15:53:38 2015
26.0,39.0,26.17,Mon Sep 14 15:53:39 2015
26.0,39.0,26.17,Mon Sep 14 15:53:40 2015
26.0,39.0,26.17,Mon Sep 14 15:53:41 2015
26.0,39.0,26.17,Mon Sep 14 15:53:42 2015
26.0,39.0,26.17,Mon Sep 14 15:53:44 2015
26.0,39.0,26.17,Mon Sep 14 15:53:45 2015
26.0,39.0,26.17,Mon Sep 14 15:53:46 2015
26.0,39.0,26.17,Mon Sep 14 15:53:47 2015
26.0,39.0,26.17,Mon Sep 14 15:53:48 2015
26.0,39.0,26.17,Mon Sep 14 15:53:49 2015
26.0,39.0,26.17,Mon Sep 14 15:53:50 2015
26.0,39.0,26.17,Mon Sep 14 15:53:51 2015
26.0,39.0,26.17,Mon Sep 14 15:53:53 2015
26.0,39.0,26.17,Mon Sep 14 15:53:54 2015
26.0,39.0,26.17,Mon Sep 14 15:53:55 2015
26.0,39.0,26.17,Mon Sep 14 15:53:56 2015
26.0,39.0,26.17,Mon Sep 14 15:53:57 2015
26.0,39.0,26.17,Mon Sep 14 15:53:58 2015
26.0,39.0,26.17,Mon Sep 14 15:53:59 2015
26.0,39.0,26.17,Mon Sep 14 15:54:00 2015
26.0,39.0,26.17,Mon Sep 14 15:54:02 2015
26.0,39.0,26.17,Mon Sep 14 15:54:03 2015
26.0,39.0,26.17,Mon Sep 14 15:54:04 2015
26.0,39.0,26.17,Mon Sep 14 15:54:05 2015
26.0,39.0,26.17,Mon Sep 14 15:54:06 2015
26.0,39.0,26.17,Mon Sep 14 15:54:07 2015
26.0,39.0,26.17,Mon Sep 14 15:54:09 2015
26.0,39.0,26.17,Mon Sep 14 15:54:10 2015
26.0,39.0,26.17,Mon Sep 14 15:54:11 2015
26.0,39.0,26.17,Mon Sep 14 15:54:12 2015
26.0,39.0,26.17,Mon Sep 14 15:54:13 2015
26.0,39.0,26.17,Mon Sep 14 15:54:14 2015
26.0,39.0,26.17,Mon Sep 14 15:54:15 2015
26.0,39.0,26.17,Mon Sep 14 15:54:16 2015
26.0,39.0,26.17,Mon Sep 14 15:54:18 2015
26.0,39.0,26.17,Mon Sep 14 15:54:19 2015
26.0,39.0,26.17,Mon Sep 14 15:54:20 2015
26.0,39.0,26.17,Mon Sep 14 15:54:21 2015
26.0,39.0,26.17,Mon Sep 14 15:54:22 2015
26.0,39.0,26.17,Mon Sep 14 15:54:23 2015
26.0,39.0,26.17,Mon Sep 14 15:54:25 2015
26.0,39.0,26.17,Mon Sep 14 15:54:26 2015
26.0,39.0,26.17,Mon Sep 14 15:54:27 2015
26.0,39.0,26.17,Mon Sep 14 15:54:28 2015
26.0,39.0,26.17,Mon Sep 14 15:54:29 2015
26.0,39.0,26.17,Mon Sep 14 15:54:30 2015
26.0,39.0,26.17,Mon Sep 14 15:54:31 2015
26.0,39.0,26.17,Mon Sep 14 15:54:32 2015
26.0,39.0,26.17,Mon Sep 14 15:54:34 2015
26.0,39.0,26.17,Mon Sep 14 15:54:35 2015
26.0,39.0,26.17,Mon Sep 14 15:54:36 2015
26.0,39.0,26.17,Mon Sep 14 15:54:37 2015
26.0,39.0,26.17,Mon Sep 14 15:54:38 2015
26.0,39.0,26.17,Mon Sep 14 15:54:39 2015
26.0,39.0,26.17,Mon Sep 14 15:54:40 2015
26.0,39.0,26.17,Mon Sep 14 15:54:41 2015
26.0,39.0,26.17,Mon Sep 14 15:54:43 2015
26.0,39.0,26.17,Mon Sep 14 15:54:44 2015
26.0,39.0,26.17,Mon Sep 14 15:54:45 2015
26.0,39.0,26.17,Mon Sep 14 15:54:46 2015
26.0,39.0,26.17,Mon Sep 14 15:54:47 2015
26.0,39.0,26.17,Mon Sep 14 15:54:48 2015
26.0,39.0,26.17,Mon Sep 14 15:54:50 2015
26.0,39.0,26.17,Mon Sep 14 15:54:51 2015
26.0,39.0,26.17,Mon Sep 14 15:54:52 2015
26.0,39.0,26.17,Mon Sep 14 15:54:53 2015
26.0,39.0,26.17,Mon Sep 14 15:54:54 2015
26.0,39.0,26.17,Mon Sep 14 15:54:55 2015
26.0,39.0,26.17,Mon Sep 14 15:54:56 2015
26.0,39.0,26.17,Mon Sep 14 15:54:57 2015
26.0,39.0,26.17,Mon Sep 14 15:54:59 2015
26.0,39.0,26.17,Mon Sep 14 15:55:00 2015
26.0,39.0,26.17,Mon Sep 14 15:55:01 2015
26.0,39.0,26.17,Mon Sep 14 15:55:02 2015
26.0,39.0,26.17,Mon Sep 14 15:55:03 2015
26.0,39.0,26.17,Mon Sep 14 15:55:04 2015
26.0,39.0,26.17,Mon Sep 14 15:55:05 2015
26.0,39.0,26.17,Mon Sep 14 15:55:06 2015
26.0,39.0,26.17,Mon Sep 14 15:55:08 2015
26.0,39.0,26.17,Mon Sep 14 15:55:09 2015
26.0,39.0,26.17,Mon Sep 14 15:55:10 2015
26.0,39.0,26.17,Mon Sep 14 15:55:11 2015
26.0,39.0,26.17,Mon Sep 14 15:55:12 2015
26.0,39.0,26.17,Mon Sep 14 15:55:13 2015
26.0,39.0,26.17,Mon Sep 14 15:55:15 2015
26.0,39.0,26.17,Mon Sep 14 15:55:16 2015
26.0,39.0,26.17,Mon Sep 14 15:55:17 2015
26.0,39.0,26.17,Mon Sep 14 15:55:18 2015
26.0,39.0,26.17,Mon Sep 14 15:55:19 2015
26.0,39.0,26.17,Mon Sep 14 15:55:20 2015
26.0,39.0,26.17,Mon Sep 14 15:55:22 2015
26.0,39.0,26.17,Mon Sep 14 15:55:22 2015
26.0,39.0,26.17,Mon Sep 14 15:55:24 2015
26.0,39.0,26.17,Mon Sep 14 15:55:25 2015
26.0,39.0,26.17,Mon Sep 14 15:55:26 2015
26.0,39.0,26.17,Mon Sep 14 15:55:27 2015
26.0,39.0,26.17,Mon Sep 14 15:55:28 2015
26.0,39.0,26.17,Mon Sep 14 15:55:29 2015
26.0,39.0,26.17,Mon Sep 14 15:55:31 2015
26.0,39.0,26.17,Mon Sep 14 15:55:32 2015
26.0,39.0,26.17,Mon Sep 14 15:55:33 2015
26.0,39.0,26.17,Mon Sep 14 15:55:34 2015
26.0,39.0,26.17,Mon Sep 14 15:55:35 2015
26.0,39.0,26.17,Mon Sep 14 15:55:36 2015
26.0,39.0,26.17,Mon Sep 14 15:55:37 2015
26.0,39.0,26.17,Mon Sep 14 15:55:38 2015
26.0,39.0,26.17,Mon Sep 14 15:55:40 2015
26.0,39.0,26.17,Mon Sep 14 15:55:41 2015
26.0,39.0,26.17,Mon Sep 14 15:55:42 2015
26.0,39.0,26.17,Mon Sep 14 15:55:43 2015
26.0,39.0,26.17,Mon Sep 14 15:55:44 2015
26.0,39.0,26.17,Mon Sep 14 15:55:45 2015
26.0,39.0,26.17,Mon Sep 14 15:55:46 2015
26.0,39.0,26.17,Mon Sep 14 15:55:47 2015
26.0,39.0,26.17,Mon Sep 14 15:55:49 2015
26.0,39.0,26.17,Mon Sep 14 15:55:50 2015
26.0,39.0,26.17,Mon Sep 14 15:55:51 2015
26.0,39.0,26.17,Mon Sep 14 15:55:52 2015
26.0,39.0,26.17,Mon Sep 14 15:55:53 2015
26.0,39.0,26.17,Mon Sep 14 15:55:54 2015
26.0,39.0,26.17,Mon Sep 14 15:55:56 2015
26.0,39.0,26.17,Mon Sep 14 15:55:57 2015
26.0,39.0,26.17,Mon Sep 14 15:55:58 2015
26.0,39.0,26.17,Mon Sep 14 15:55:59 2015
26.0,39.0,26.17,Mon Sep 14 15:56:00 2015
26.0,39.0,26.17,Mon Sep 14 15:56:01 2015
26.0,39.0,26.17,Mon Sep 14 15:56:02 2015
26.0,39.0,26.17,Mon Sep 14 15:56:03 2015
26.0,39.0,26.17,Mon Sep 14 15:56:05 2015
26.0,39.0,26.17,Mon Sep 14 15:56:06 2015
26.0,39.0,26.17,Mon Sep 14 15:56:07 2015
26.0,39.0,26.17,Mon Sep 14 15:56:08 2015
26.0,39.0,26.17,Mon Sep 14 15:56:09 2015
26.0,39.0,26.17,Mon Sep 14 15:56:10 2015
26.0,39.0,26.17,Mon Sep 14 15:56:12 2015
26.0,39.0,26.17,Mon Sep 14 15:56:13 2015
26.0,39.0,26.17,Mon Sep 14 15:56:14 2015
26.0,39.0,26.17,Mon Sep 14 15:56:15 2015
26.0,39.0,26.17,Mon Sep 14 15:56:16 2015
26.0,39.0,26.17,Mon Sep 14 15:56:17 2015
26.0,39.0,26.17,Mon Sep 14 15:56:18 2015
26.0,39.0,26.17,Mon Sep 14 15:56:19 2015
26.0,39.0,26.17,Mon Sep 14 15:56:21 2015
26.0,39.0,26.17,Mon Sep 14 15:56:22 2015
26.0,39.0,26.17,Mon Sep 14 15:56:23 2015
26.0,39.0,26.17,Mon Sep 14 15:56:24 2015
26.0,39.0,26.17,Mon Sep 14 15:56:25 2015
26.0,39.0,26.17,Mon Sep 14 15:56:26 2015
26.0,39.0,26.17,Mon Sep 14 15:56:28 2015
26.0,39.0,26.17,Mon Sep 14 15:56:28 2015
26.0,39.0,26.17,Mon Sep 14 15:56:30 2015
26.0,39.0,26.17,Mon Sep 14 15:56:31 2015
26.0,39.0,26.17,Mon Sep 14 15:56:32 2015
26.0,39.0,26.17,Mon Sep 14 15:56:33 2015
26.0,39.0,26.17,Mon Sep 14 15:56:34 2015
26.0,39.0,26.17,Mon Sep 14 15:56:35 2015
26.0,39.0,26.17,Mon Sep 14 15:56:37 2015
26.0,39.0,26.17,Mon Sep 14 15:56:38 2015
26.0,39.0,26.17,Mon Sep 14 15:56:39 2015
26.0,39.0,26.17,Mon Sep 14 15:56:40 2015
26.0,39.0,26.17,Mon Sep 14 15:56:41 2015
26.0,39.0,26.17,Mon Sep 14 15:56:42 2015
26.0,39.0,26.17,Mon Sep 14 15:56:43 2015
26.0,39.0,26.17,Mon Sep 14 15:56:44 2015
26.0,39.0,26.17,Mon Sep 14 15:56:46 2015
26.0,39.0,26.17,Mon Sep 14 15:56:47 2015
26.0,39.0,26.17,Mon Sep 14 15:56:48 2015
26.0,39.0,26.17,Mon Sep 14 15:56:49 2015
26.0,39.0,26.17,Mon Sep 14 15:56:50 2015
26.0,39.0,26.17,Mon Sep 14 15:56:51 2015
26.0,39.0,26.17,Mon Sep 14 15:56:52 2015
26.0,39.0,26.17,Mon Sep 14 15:56:54 2015
26.0,39.0,26.17,Mon Sep 14 15:56:55 2015
26.0,39.0,26.17,Mon Sep 14 15:56:56 2015
26.0,39.0,26.17,Mon Sep 14 15:56:57 2015
26.0,39.0,26.17,Mon Sep 14 15:56:58 2015
26.0,39.0,26.17,Mon Sep 14 15:56:59 2015
26.0,39.0,26.17,Mon Sep 14 15:57:00 2015
26.0,39.0,26.17,Mon Sep 14 15:57:02 2015
26.0,39.0,26.17,Mon Sep 14 15:57:03 2015
26.0,39.0,26.17,Mon Sep 14 15:57:04 2015
26.0,39.0,26.17,Mon Sep 14 15:57:05 2015
26.0,39.0,26.17,Mon Sep 14 15:57:06 2015
26.0,39.0,26.17,Mon Sep 14 15:57:07 2015
26.0,39.0,26.17,Mon Sep 14 15:57:08 2015
26.0,39.0,26.17,Mon Sep 14 15:57:09 2015
26.0,39.0,26.17,Mon Sep 14 15:57:11 2015
26.0,39.0,26.17,Mon Sep 14 15:57:12 2015
26.0,39.0,26.17,Mon Sep 14 15:57:13 2015
26.0,39.0,26.17,Mon Sep 14 15:57:14 2015
26.0,39.0,26.17,Mon Sep 14 15:57:15 2015
26.0,39.0,26.17,Mon Sep 14 15:57:16 2015
26.0,39.0,26.17,Mon Sep 14 15:57:17 2015
26.0,39.0,26.17,Mon Sep 14 15:57:18 2015
26.0,39.0,26.17,Mon Sep 14 15:57:20 2015
26.0,39.0,26.17,Mon Sep 14 15:57:21 2015
26.0,39.0,26.17,Mon Sep 14 15:57:22 2015
26.0,39.0,26.17,Mon Sep 14 15:57:23 2015
26.0,39.0,26.17,Mon Sep 14 15:57:24 2015
26.0,39.0,26.17,Mon Sep 14 15:57:25 2015
26.0,39.0,26.17,Mon Sep 14 15:57:27 2015
26.0,39.0,26.17,Mon Sep 14 15:57:28 2015
26.0,39.0,26.17,Mon Sep 14 15:57:29 2015
26.0,39.0,26.17,Mon Sep 14 15:57:30 2015
26.0,39.0,26.17,Mon Sep 14 15:57:31 2015
26.0,39.0,26.17,Mon Sep 14 15:57:32 2015
26.0,39.0,26.17,Mon Sep 14 15:57:33 2015
26.0,39.0,26.17,Mon Sep 14 15:57:34 2015
26.0,39.0,26.17,Mon Sep 14 15:57:36 2015
26.0,39.0,26.17,Mon Sep 14 15:57:37 2015
26.0,39.0,26.17,Mon Sep 14 15:57:38 2015
26.0,39.0,26.17,Mon Sep 14 15:57:39 2015
26.0,39.0,26.17,Mon Sep 14 15:57:40 2015
26.0,39.0,26.17,Mon Sep 14 15:57:41 2015
26.0,39.0,26.17,Mon Sep 14 15:57:43 2015
26.0,39.0,26.17,Mon Sep 14 15:57:44 2015
26.0,39.0,26.17,Mon Sep 14 15:57:45 2015
26.0,39.0,26.17,Mon Sep 14 15:57:46 2015
26.0,39.0,26.17,Mon Sep 14 15:57:47 2015
26.0,39.0,26.17,Mon Sep 14 15:57:48 2015
26.0,39.0,26.17,Mon Sep 14 15:57:49 2015
26.0,39.0,26.17,Mon Sep 14 15:57:50 2015
26.0,39.0,26.17,Mon Sep 14 15:57:52 2015
26.0,39.0,26.17,Mon Sep 14 15:57:53 2015
26.0,39.0,26.17,Mon Sep 14 15:57:54 2015
26.0,39.0,26.17,Mon Sep 14 15:57:55 2015
26.0,39.0,26.17,Mon Sep 14 15:57:56 2015
26.0,39.0,26.17,Mon Sep 14 15:57:57 2015
26.0,39.0,26.17,Mon Sep 14 15:57:58 2015
26.0,39.0,26.17,Mon Sep 14 15:57:59 2015
26.0,39.0,26.17,Mon Sep 14 15:58:01 2015
26.0,39.0,26.17,Mon Sep 14 15:58:02 2015
26.0,39.0,26.17,Mon Sep 14 15:58:03 2015
26.0,39.0,26.17,Mon Sep 14 15:58:04 2015
26.0,39.0,26.17,Mon Sep 14 15:58:05 2015
26.0,39.0,26.17,Mon Sep 14 15:58:06 2015
26.0,39.0,26.17,Mon Sep 14 15:58:08 2015
26.0,39.0,26.17,Mon Sep 14 15:58:09 2015
26.0,39.0,26.17,Mon Sep 14 15:58:10 2015
26.0,39.0,26.17,Mon Sep 14 15:58:11 2015
26.0,39.0,26.17,Mon Sep 14 15:58:12 2015
26.0,39.0,26.17,Mon Sep 14 15:58:13 2015
26.0,39.0,26.17,Mon Sep 14 15:58:14 2015
26.0,39.0,26.17,Mon Sep 14 15:58:15 2015
26.0,39.0,26.17,Mon Sep 14 15:58:17 2015
26.0,39.0,26.17,Mon Sep 14 15:58:18 2015
26.0,39.0,26.17,Mon Sep 14 15:58:19 2015
26.0,39.0,26.17,Mon Sep 14 15:58:20 2015
26.0,39.0,26.17,Mon Sep 14 15:58:21 2015
26.0,39.0,26.17,Mon Sep 14 15:58:22 2015
26.0,39.0,26.17,Mon Sep 14 15:58:24 2015
26.0,39.0,26.17,Mon Sep 14 15:58:25 2015
26.0,39.0,26.17,Mon Sep 14 15:58:26 2015
26.0,39.0,26.17,Mon Sep 14 15:58:27 2015
26.0,39.0,26.17,Mon Sep 14 15:58:28 2015
26.0,39.0,26.17,Mon Sep 14 15:58:29 2015
26.0,39.0,26.17,Mon Sep 14 15:58:30 2015
26.0,39.0,26.17,Mon Sep 14 15:58:31 2015
26.0,39.0,26.17,Mon Sep 14 15:58:33 2015
26.0,39.0,26.17,Mon Sep 14 15:58:34 2015
26.0,39.0,26.17,Mon Sep 14 15:58:35 2015
26.0,39.0,26.17,Mon Sep 14 15:58:36 2015
26.0,39.0,26.17,Mon Sep 14 15:58:37 2015
26.0,39.0,26.17,Mon Sep 14 15:58:38 2015
26.0,39.0,26.17,Mon Sep 14 15:58:39 2015
26.0,39.0,26.17,Mon Sep 14 15:58:40 2015
26.0,39.0,26.17,Mon Sep 14 15:58:42 2015
26.0,39.0,26.17,Mon Sep 14 15:58:43 2015
26.0,39.0,26.17,Mon Sep 14 15:58:44 2015
26.0,39.0,26.17,Mon Sep 14 15:58:45 2015
26.0,39.0,26.17,Mon Sep 14 15:58:46 2015
26.0,39.0,26.17,Mon Sep 14 15:58:47 2015
26.0,39.0,26.17,Mon Sep 14 15:58:49 2015
26.0,39.0,26.17,Mon Sep 14 15:58:50 2015
26.0,39.0,26.17,Mon Sep 14 15:58:51 2015
26.0,39.0,26.17,Mon Sep 14 15:58:52 2015
26.0,39.0,26.17,Mon Sep 14 15:58:53 2015
26.0,39.0,26.17,Mon Sep 14 15:58:54 2015
26.0,39.0,26.17,Mon Sep 14 15:58:55 2015
26.0,39.0,26.17,Mon Sep 14 15:58:56 2015
26.0,39.0,26.17,Mon Sep 14 15:58:58 2015
26.0,39.0,26.17,Mon Sep 14 15:58:59 2015
26.0,39.0,26.17,Mon Sep 14 15:59:00 2015
26.0,39.0,26.17,Mon Sep 14 15:59:01 2015
26.0,39.0,26.17,Mon Sep 14 15:59:02 2015
26.0,39.0,26.17,Mon Sep 14 15:59:03 2015
26.0,39.0,26.17,Mon Sep 14 15:59:05 2015
26.0,39.0,26.17,Mon Sep 14 15:59:06 2015
26.0,39.0,26.17,Mon Sep 14 15:59:07 2015
26.0,39.0,26.17,Mon Sep 14 15:59:08 2015
26.0,39.0,26.17,Mon Sep 14 15:59:09 2015
26.0,39.0,26.17,Mon Sep 14 15:59:10 2015
26.0,39.0,26.17,Mon Sep 14 15:59:11 2015
26.0,39.0,26.17,Mon Sep 14 15:59:12 2015
26.0,39.0,26.17,Mon Sep 14 15:59:14 2015
26.0,39.0,26.17,Mon Sep 14 15:59:15 2015
26.0,39.0,26.17,Mon Sep 14 15:59:16 2015
26.0,39.0,26.17,Mon Sep 14 15:59:17 2015
26.0,39.0,26.17,Mon Sep 14 15:59:18 2015
26.0,39.0,26.17,Mon Sep 14 15:59:19 2015
26.0,39.0,26.17,Mon Sep 14 15:59:20 2015
26.0,39.0,26.17,Mon Sep 14 15:59:21 2015
26.0,39.0,26.17,Mon Sep 14 15:59:23 2015
26.0,39.0,26.17,Mon Sep 14 15:59:24 2015
26.0,39.0,26.17,Mon Sep 14 15:59:25 2015
26.0,39.0,26.17,Mon Sep 14 15:59:26 2015
26.0,39.0,26.17,Mon Sep 14 15:59:27 2015
26.0,39.0,26.17,Mon Sep 14 15:59:28 2015
26.0,39.0,26.17,Mon Sep 14 15:59:30 2015
26.0,39.0,26.17,Mon Sep 14 15:59:31 2015
26.0,39.0,26.17,Mon Sep 14 15:59:32 2015
26.0,39.0,26.17,Mon Sep 14 15:59:33 2015
26.0,39.0,26.17,Mon Sep 14 15:59:34 2015
26.0,39.0,26.17,Mon Sep 14 15:59:35 2015
26.0,39.0,26.17,Mon Sep 14 15:59:36 2015
26.0,39.0,26.17,Mon Sep 14 15:59:37 2015
26.0,39.0,26.17,Mon Sep 14 15:59:39 2015
26.0,39.0,26.17,Mon Sep 14 15:59:40 2015
26.0,39.0,26.17,Mon Sep 14 15:59:41 2015
26.0,39.0,26.17,Mon Sep 14 15:59:42 2015
26.0,39.0,26.17,Mon Sep 14 15:59:43 2015
26.0,39.0,26.17,Mon Sep 14 15:59:44 2015
26.0,39.0,26.17,Mon Sep 14 15:59:45 2015
26.0,39.0,26.17,Mon Sep 14 15:59:47 2015
26.0,39.0,26.17,Mon Sep 14 15:59:48 2015
26.0,39.0,26.17,Mon Sep 14 15:59:49 2015
26.0,39.0,26.17,Mon Sep 14 15:59:50 2015
26.0,39.0,26.17,Mon Sep 14 15:59:51 2015
26.0,39.0,26.17,Mon Sep 14 15:59:52 2015
26.0,39.0,26.17,Mon Sep 14 15:59:53 2015
26.0,39.0,26.17,Mon Sep 14 15:59:55 2015
26.0,39.0,26.17,Mon Sep 14 15:59:56 2015
26.0,39.0,26.17,Mon Sep 14 15:59:57 2015
26.0,39.0,26.17,Mon Sep 14 15:59:58 2015
26.0,39.0,26.17,Mon Sep 14 15:59:59 2015
26.0,39.0,26.17,Mon Sep 14 16:00:00 2015
26.0,39.0,26.17,Mon Sep 14 16:00:01 2015
26.0,39.0,26.17,Mon Sep 14 16:00:02 2015
26.0,39.0,26.17,Mon Sep 14 16:00:04 2015
26.0,39.0,26.17,Mon Sep 14 16:00:05 2015
26.0,39.0,26.17,Mon Sep 14 16:00:06 2015
26.0,39.0,26.17,Mon Sep 14 16:00:07 2015
26.0,39.0,26.17,Mon Sep 14 16:00:08 2015
26.0,39.0,26.17,Mon Sep 14 16:00:09 2015
26.0,39.0,26.17,Mon Sep 14 16:00:11 2015
26.0,39.0,26.17,Mon Sep 14 16:00:12 2015
26.0,40.0,26.21,Mon Sep 14 16:00:13 2015
26.0,40.0,26.21,Mon Sep 14 16:00:14 2015
26.0,39.0,26.17,Mon Sep 14 16:00:15 2015
26.0,39.0,26.17,Mon Sep 14 16:00:16 2015
26.0,39.0,26.17,Mon Sep 14 16:00:17 2015
26.0,39.0,26.17,Mon Sep 14 16:00:18 2015
26.0,39.0,26.17,Mon Sep 14 16:00:20 2015
26.0,39.0,26.17,Mon Sep 14 16:00:21 2015
26.0,39.0,26.17,Mon Sep 14 16:00:22 2015
26.0,39.0,26.17,Mon Sep 14 16:00:23 2015
26.0,39.0,26.17,Mon Sep 14 16:00:24 2015
26.0,39.0,26.17,Mon Sep 14 16:00:25 2015
26.0,39.0,26.17,Mon Sep 14 16:00:26 2015
26.0,39.0,26.17,Mon Sep 14 16:00:27 2015
26.0,39.0,26.17,Mon Sep 14 16:00:29 2015
26.0,39.0,26.17,Mon Sep 14 16:00:30 2015
26.0,39.0,26.17,Mon Sep 14 16:00:31 2015
26.0,39.0,26.17,Mon Sep 14 16:00:32 2015
26.0,39.0,26.17,Mon Sep 14 16:00:33 2015
26.0,39.0,26.17,Mon Sep 14 16:00:34 2015
26.0,39.0,26.17,Mon Sep 14 16:00:36 2015
26.0,39.0,26.17,Mon Sep 14 16:00:37 2015
26.0,40.0,26.21,Mon Sep 14 16:00:38 2015
26.0,40.0,26.21,Mon Sep 14 16:00:39 2015
26.0,39.0,26.17,Mon Sep 14 16:00:40 2015
26.0,39.0,26.17,Mon Sep 14 16:00:41 2015
26.0,39.0,26.17,Mon Sep 14 16:00:42 2015
26.0,39.0,26.17,Mon Sep 14 16:00:43 2015
26.0,39.0,26.17,Mon Sep 14 16:00:45 2015
26.0,39.0,26.17,Mon Sep 14 16:00:46 2015
26.0,39.0,26.17,Mon Sep 14 16:00:47 2015
26.0,39.0,26.17,Mon Sep 14 16:00:48 2015
26.0,39.0,26.17,Mon Sep 14 16:00:49 2015
26.0,39.0,26.17,Mon Sep 14 16:00:50 2015
26.0,39.0,26.17,Mon Sep 14 16:00:52 2015
26.0,39.0,26.17,Mon Sep 14 16:00:53 2015
26.0,39.0,26.17,Mon Sep 14 16:00:54 2015
26.0,39.0,26.17,Mon Sep 14 16:00:55 2015
26.0,39.0,26.17,Mon Sep 14 16:00:56 2015
26.0,39.0,26.17,Mon Sep 14 16:00:57 2015
26.0,39.0,26.17,Mon Sep 14 16:00:58 2015
26.0,39.0,26.17,Mon Sep 14 16:00:59 2015
26.0,39.0,26.17,Mon Sep 14 16:01:01 2015
26.0,39.0,26.17,Mon Sep 14 16:01:02 2015
26.0,39.0,26.17,Mon Sep 14 16:01:03 2015
26.0,39.0,26.17,Mon Sep 14 16:01:04 2015
26.0,39.0,26.17,Mon Sep 14 16:01:05 2015
26.0,39.0,26.17,Mon Sep 14 16:01:06 2015
26.0,39.0,26.17,Mon Sep 14 16:01:07 2015
26.0,39.0,26.17,Mon Sep 14 16:01:08 2015
26.0,39.0,26.17,Mon Sep 14 16:01:10 2015
26.0,39.0,26.17,Mon Sep 14 16:01:11 2015
26.0,39.0,26.17,Mon Sep 14 16:01:12 2015
26.0,39.0,26.17,Mon Sep 14 16:01:13 2015
26.0,39.0,26.17,Mon Sep 14 16:01:14 2015
26.0,39.0,26.17,Mon Sep 14 16:01:15 2015
26.0,39.0,26.17,Mon Sep 14 16:01:17 2015
26.0,39.0,26.17,Mon Sep 14 16:01:18 2015
26.0,39.0,26.17,Mon Sep 14 16:01:19 2015
26.0,39.0,26.17,Mon Sep 14 16:01:20 2015
26.0,39.0,26.17,Mon Sep 14 16:01:21 2015
26.0,39.0,26.17,Mon Sep 14 16:01:22 2015
26.0,39.0,26.17,Mon Sep 14 16:01:23 2015
26.0,39.0,26.17,Mon Sep 14 16:01:24 2015
26.0,39.0,26.17,Mon Sep 14 16:01:26 2015
26.0,39.0,26.17,Mon Sep 14 16:01:27 2015
26.0,39.0,26.17,Mon Sep 14 16:01:28 2015
26.0,39.0,26.17,Mon Sep 14 16:01:29 2015
26.0,39.0,26.17,Mon Sep 14 16:01:30 2015
26.0,39.0,26.17,Mon Sep 14 16:01:31 2015
26.0,39.0,26.17,Mon Sep 14 16:01:32 2015
26.0,39.0,26.17,Mon Sep 14 16:01:33 2015
26.0,40.0,26.21,Mon Sep 14 16:01:35 2015
26.0,40.0,26.21,Mon Sep 14 16:01:36 2015
26.0,39.0,26.17,Mon Sep 14 16:01:37 2015
26.0,39.0,26.17,Mon Sep 14 16:01:38 2015
26.0,39.0,26.17,Mon Sep 14 16:01:39 2015
26.0,39.0,26.17,Mon Sep 14 16:01:40 2015
26.0,39.0,26.17,Mon Sep 14 16:01:42 2015
26.0,39.0,26.17,Mon Sep 14 16:01:43 2015
26.0,39.0,26.17,Mon Sep 14 16:01:44 2015
26.0,39.0,26.17,Mon Sep 14 16:01:45 2015
26.0,39.0,26.17,Mon Sep 14 16:01:46 2015
26.0,39.0,26.17,Mon Sep 14 16:01:47 2015
26.0,39.0,26.17,Mon Sep 14 16:01:48 2015
26.0,39.0,26.17,Mon Sep 14 16:01:49 2015
26.0,39.0,26.17,Mon Sep 14 16:01:51 2015
26.0,39.0,26.17,Mon Sep 14 16:01:52 2015
26.0,39.0,26.17,Mon Sep 14 16:01:53 2015
26.0,39.0,26.17,Mon Sep 14 16:01:54 2015
26.0,39.0,26.17,Mon Sep 14 16:01:55 2015
26.0,39.0,26.17,Mon Sep 14 16:01:56 2015
26.0,39.0,26.17,Mon Sep 14 16:01:58 2015
26.0,39.0,26.17,Mon Sep 14 16:01:59 2015
26.0,39.0,26.17,Mon Sep 14 16:02:00 2015
26.0,39.0,26.17,Mon Sep 14 16:02:01 2015
26.0,39.0,26.17,Mon Sep 14 16:02:02 2015
26.0,39.0,26.17,Mon Sep 14 16:02:03 2015
26.0,39.0,26.17,Mon Sep 14 16:02:04 2015
26.0,39.0,26.17,Mon Sep 14 16:02:05 2015
26.0,39.0,26.17,Mon Sep 14 16:02:07 2015
26.0,39.0,26.17,Mon Sep 14 16:02:08 2015
26.0,39.0,26.17,Mon Sep 14 16:02:09 2015
26.0,39.0,26.17,Mon Sep 14 16:02:10 2015
26.0,39.0,26.17,Mon Sep 14 16:02:11 2015
26.0,39.0,26.17,Mon Sep 14 16:02:12 2015
26.0,39.0,26.17,Mon Sep 14 16:02:13 2015
26.0,39.0,26.17,Mon Sep 14 16:02:14 2015
26.0,39.0,26.17,Mon Sep 14 16:02:16 2015
26.0,39.0,26.17,Mon Sep 14 16:02:17 2015
26.0,39.0,26.17,Mon Sep 14 16:02:18 2015
26.0,39.0,26.17,Mon Sep 14 16:02:19 2015
26.0,39.0,26.17,Mon Sep 14 16:02:20 2015
26.0,39.0,26.17,Mon Sep 14 16:02:21 2015
26.0,39.0,26.17,Mon Sep 14 16:02:23 2015
26.0,39.0,26.17,Mon Sep 14 16:02:24 2015
26.0,40.0,26.21,Mon Sep 14 16:02:25 2015
26.0,40.0,26.21,Mon Sep 14 16:02:26 2015
26.0,39.0,26.17,Mon Sep 14 16:02:27 2015
26.0,39.0,26.17,Mon Sep 14 16:02:28 2015
26.0,39.0,26.17,Mon Sep 14 16:02:29 2015
26.0,39.0,26.17,Mon Sep 14 16:02:30 2015
26.0,39.0,26.17,Mon Sep 14 16:02:32 2015
26.0,39.0,26.17,Mon Sep 14 16:02:33 2015
26.0,39.0,26.17,Mon Sep 14 16:02:34 2015
26.0,39.0,26.17,Mon Sep 14 16:02:35 2015
26.0,39.0,26.17,Mon Sep 14 16:02:36 2015
26.0,39.0,26.17,Mon Sep 14 16:02:37 2015
26.0,39.0,26.17,Mon Sep 14 16:02:39 2015
26.0,39.0,26.17,Mon Sep 14 16:02:40 2015
26.0,39.0,26.17,Mon Sep 14 16:02:41 2015
26.0,39.0,26.17,Mon Sep 14 16:02:42 2015
26.0,39.0,26.17,Mon Sep 14 16:02:43 2015
26.0,39.0,26.17,Mon Sep 14 16:02:44 2015
26.0,39.0,26.17,Mon Sep 14 16:02:45 2015
26.0,39.0,26.17,Mon Sep 14 16:02:46 2015
26.0,39.0,26.17,Mon Sep 14 16:02:48 2015
26.0,39.0,26.17,Mon Sep 14 16:02:49 2015
26.0,39.0,26.17,Mon Sep 14 16:02:50 2015
26.0,39.0,26.17,Mon Sep 14 16:02:51 2015
26.0,39.0,26.17,Mon Sep 14 16:02:52 2015
26.0,39.0,26.17,Mon Sep 14 16:02:53 2015
26.0,39.0,26.17,Mon Sep 14 16:02:54 2015
26.0,39.0,26.17,Mon Sep 14 16:02:55 2015
26.0,39.0,26.17,Mon Sep 14 16:02:57 2015
26.0,39.0,26.17,Mon Sep 14 16:02:58 2015
26.0,39.0,26.17,Mon Sep 14 16:02:59 2015
26.0,39.0,26.17,Mon Sep 14 16:03:00 2015
26.0,39.0,26.17,Mon Sep 14 16:03:01 2015
26.0,39.0,26.17,Mon Sep 14 16:03:02 2015
26.0,39.0,26.17,Mon Sep 14 16:03:04 2015
26.0,39.0,26.17,Mon Sep 14 16:03:05 2015
26.0,39.0,26.17,Mon Sep 14 16:03:06 2015
26.0,39.0,26.17,Mon Sep 14 16:03:07 2015
26.0,39.0,26.17,Mon Sep 14 16:03:08 2015
26.0,39.0,26.17,Mon Sep 14 16:03:09 2015
26.0,39.0,26.17,Mon Sep 14 16:03:10 2015
26.0,39.0,26.17,Mon Sep 14 16:03:11 2015
26.0,39.0,26.17,Mon Sep 14 16:03:13 2015
26.0,39.0,26.17,Mon Sep 14 16:03:14 2015
26.0,39.0,26.17,Mon Sep 14 16:03:15 2015
26.0,39.0,26.17,Mon Sep 14 16:03:16 2015
26.0,39.0,26.17,Mon Sep 14 16:03:17 2015
26.0,39.0,26.17,Mon Sep 14 16:03:18 2015
26.0,39.0,26.17,Mon Sep 14 16:03:20 2015
26.0,39.0,26.17,Mon Sep 14 16:03:20 2015
26.0,39.0,26.17,Mon Sep 14 16:03:22 2015
26.0,39.0,26.17,Mon Sep 14 16:03:23 2015
26.0,39.0,26.17,Mon Sep 14 16:03:24 2015
26.0,39.0,26.17,Mon Sep 14 16:03:25 2015
26.0,39.0,26.17,Mon Sep 14 16:03:26 2015
26.0,39.0,26.17,Mon Sep 14 16:03:27 2015
26.0,39.0,26.17,Mon Sep 14 16:03:29 2015
26.0,39.0,26.17,Mon Sep 14 16:03:30 2015
26.0,39.0,26.17,Mon Sep 14 16:03:31 2015
26.0,39.0,26.17,Mon Sep 14 16:03:32 2015
26.0,39.0,26.17,Mon Sep 14 16:03:33 2015
26.0,39.0,26.17,Mon Sep 14 16:03:34 2015
26.0,39.0,26.17,Mon Sep 14 16:03:35 2015
26.0,39.0,26.17,Mon Sep 14 16:03:36 2015
26.0,39.0,26.17,Mon Sep 14 16:03:38 2015
26.0,39.0,26.17,Mon Sep 14 16:03:39 2015
26.0,39.0,26.17,Mon Sep 14 16:03:40 2015
26.0,39.0,26.17,Mon Sep 14 16:03:41 2015
26.0,39.0,26.17,Mon Sep 14 16:03:42 2015
26.0,39.0,26.17,Mon Sep 14 16:03:43 2015
26.0,39.0,26.17,Mon Sep 14 16:03:45 2015
26.0,39.0,26.17,Mon Sep 14 16:03:46 2015
26.0,39.0,26.17,Mon Sep 14 16:03:47 2015
26.0,39.0,26.17,Mon Sep 14 16:03:48 2015
26.0,39.0,26.17,Mon Sep 14 16:03:49 2015
26.0,39.0,26.17,Mon Sep 14 16:03:50 2015
26.0,39.0,26.17,Mon Sep 14 16:03:51 2015
26.0,39.0,26.17,Mon Sep 14 16:03:52 2015
26.0,39.0,26.17,Mon Sep 14 16:03:54 2015
26.0,39.0,26.17,Mon Sep 14 16:03:55 2015
26.0,39.0,26.17,Mon Sep 14 16:03:56 2015
26.0,39.0,26.17,Mon Sep 14 16:03:57 2015
26.0,39.0,26.17,Mon Sep 14 16:03:58 2015
26.0,39.0,26.17,Mon Sep 14 16:03:59 2015
26.0,39.0,26.17,Mon Sep 14 16:04:00 2015
26.0,39.0,26.17,Mon Sep 14 16:04:01 2015
26.0,39.0,26.17,Mon Sep 14 16:04:03 2015
26.0,39.0,26.17,Mon Sep 14 16:04:04 2015
26.0,39.0,26.17,Mon Sep 14 16:04:05 2015
26.0,39.0,26.17,Mon Sep 14 16:04:06 2015
26.0,39.0,26.17,Mon Sep 14 16:04:07 2015
26.0,39.0,26.17,Mon Sep 14 16:04:08 2015
26.0,39.0,26.17,Mon Sep 14 16:04:10 2015
26.0,39.0,26.17,Mon Sep 14 16:04:11 2015
26.0,39.0,26.17,Mon Sep 14 16:04:12 2015
26.0,39.0,26.17,Mon Sep 14 16:04:13 2015
26.0,39.0,26.17,Mon Sep 14 16:04:14 2015
26.0,39.0,26.17,Mon Sep 14 16:04:15 2015
26.0,39.0,26.17,Mon Sep 14 16:04:16 2015
26.0,39.0,26.17,Mon Sep 14 16:04:17 2015
26.0,39.0,26.17,Mon Sep 14 16:04:19 2015
26.0,39.0,26.17,Mon Sep 14 16:04:20 2015
26.0,39.0,26.17,Mon Sep 14 16:04:21 2015
26.0,39.0,26.17,Mon Sep 14 16:04:22 2015
26.0,39.0,26.17,Mon Sep 14 16:04:23 2015
26.0,39.0,26.17,Mon Sep 14 16:04:24 2015
26.0,39.0,26.17,Mon Sep 14 16:04:25 2015
26.0,39.0,26.17,Mon Sep 14 16:04:27 2015
26.0,39.0,26.17,Mon Sep 14 16:04:28 2015
26.0,39.0,26.17,Mon Sep 14 16:04:29 2015
26.0,39.0,26.17,Mon Sep 14 16:04:30 2015
26.0,39.0,26.17,Mon Sep 14 16:04:31 2015
26.0,39.0,26.17,Mon Sep 14 16:04:32 2015
26.0,39.0,26.17,Mon Sep 14 16:04:33 2015
26.0,39.0,26.17,Mon Sep 14 16:04:35 2015
26.0,39.0,26.17,Mon Sep 14 16:04:36 2015
26.0,39.0,26.17,Mon Sep 14 16:04:37 2015
26.0,39.0,26.17,Mon Sep 14 16:04:38 2015
26.0,39.0,26.17,Mon Sep 14 16:04:39 2015
26.0,39.0,26.17,Mon Sep 14 16:04:40 2015
26.0,39.0,26.17,Mon Sep 14 16:04:41 2015
26.0,39.0,26.17,Mon Sep 14 16:04:42 2015
26.0,39.0,26.17,Mon Sep 14 16:04:44 2015
26.0,39.0,26.17,Mon Sep 14 16:04:45 2015
26.0,39.0,26.17,Mon Sep 14 16:04:46 2015
26.0,39.0,26.17,Mon Sep 14 16:04:47 2015
26.0,39.0,26.17,Mon Sep 14 16:04:48 2015
26.0,39.0,26.17,Mon Sep 14 16:04:49 2015
26.0,39.0,26.17,Mon Sep 14 16:04:51 2015
26.0,39.0,26.17,Mon Sep 14 16:04:52 2015
26.0,39.0,26.17,Mon Sep 14 16:04:53 2015
26.0,39.0,26.17,Mon Sep 14 16:04:54 2015
26.0,39.0,26.17,Mon Sep 14 16:04:55 2015
26.0,39.0,26.17,Mon Sep 14 16:04:56 2015
26.0,39.0,26.17,Mon Sep 14 16:04:57 2015
26.0,39.0,26.17,Mon Sep 14 16:04:58 2015
26.0,39.0,26.17,Mon Sep 14 16:05:00 2015
26.0,39.0,26.17,Mon Sep 14 16:05:01 2015
26.0,39.0,26.17,Mon Sep 14 16:05:02 2015
26.0,39.0,26.17,Mon Sep 14 16:05:03 2015
26.0,39.0,26.17,Mon Sep 14 16:05:04 2015
26.0,39.0,26.17,Mon Sep 14 16:05:05 2015
26.0,39.0,26.17,Mon Sep 14 16:05:06 2015
26.0,39.0,26.17,Mon Sep 14 16:05:07 2015
26.0,39.0,26.17,Mon Sep 14 16:05:09 2015
26.0,39.0,26.17,Mon Sep 14 16:05:10 2015
26.0,39.0,26.17,Mon Sep 14 16:05:11 2015
26.0,39.0,26.17,Mon Sep 14 16:05:12 2015
26.0,39.0,26.17,Mon Sep 14 16:05:13 2015
26.0,39.0,26.17,Mon Sep 14 16:05:14 2015
26.0,39.0,26.17,Mon Sep 14 16:05:16 2015
26.0,39.0,26.17,Mon Sep 14 16:05:17 2015
26.0,39.0,26.17,Mon Sep 14 16:05:18 2015
26.0,39.0,26.17,Mon Sep 14 16:05:19 2015
26.0,39.0,26.17,Mon Sep 14 16:05:20 2015
26.0,39.0,26.17,Mon Sep 14 16:05:21 2015
26.0,39.0,26.17,Mon Sep 14 16:05:22 2015
26.0,39.0,26.17,Mon Sep 14 16:05:23 2015
26.0,39.0,26.17,Mon Sep 14 16:05:25 2015
26.0,39.0,26.17,Mon Sep 14 16:05:26 2015
26.0,39.0,26.17,Mon Sep 14 16:05:27 2015
26.0,39.0,26.17,Mon Sep 14 16:05:28 2015
26.0,39.0,26.17,Mon Sep 14 16:05:29 2015
26.0,39.0,26.17,Mon Sep 14 16:05:30 2015
26.0,39.0,26.17,Mon Sep 14 16:05:32 2015
26.0,39.0,26.17,Mon Sep 14 16:05:33 2015
26.0,39.0,26.17,Mon Sep 14 16:05:34 2015
26.0,39.0,26.17,Mon Sep 14 16:05:35 2015
26.0,39.0,26.17,Mon Sep 14 16:05:36 2015
26.0,39.0,26.17,Mon Sep 14 16:05:37 2015
26.0,39.0,26.17,Mon Sep 14 16:05:38 2015
26.0,39.0,26.17,Mon Sep 14 16:05:39 2015
26.0,39.0,26.17,Mon Sep 14 16:05:41 2015
26.0,39.0,26.17,Mon Sep 14 16:05:42 2015
26.0,39.0,26.17,Mon Sep 14 16:05:43 2015
26.0,39.0,26.17,Mon Sep 14 16:05:44 2015
26.0,39.0,26.17,Mon Sep 14 16:05:45 2015
26.0,39.0,26.17,Mon Sep 14 16:05:46 2015
26.0,39.0,26.17,Mon Sep 14 16:05:47 2015
26.0,39.0,26.17,Mon Sep 14 16:05:48 2015
26.0,39.0,26.17,Mon Sep 14 16:05:50 2015
26.0,39.0,26.17,Mon Sep 14 16:05:51 2015
26.0,39.0,26.17,Mon Sep 14 16:05:52 2015
26.0,39.0,26.17,Mon Sep 14 16:05:53 2015
26.0,39.0,26.17,Mon Sep 14 16:05:54 2015
26.0,39.0,26.17,Mon Sep 14 16:05:55 2015
26.0,39.0,26.17,Mon Sep 14 16:05:57 2015
26.0,39.0,26.17,Mon Sep 14 16:05:58 2015
26.0,39.0,26.17,Mon Sep 14 16:05:59 2015
26.0,39.0,26.17,Mon Sep 14 16:06:00 2015
26.0,39.0,26.17,Mon Sep 14 16:06:01 2015
26.0,39.0,26.17,Mon Sep 14 16:06:02 2015
26.0,39.0,26.17,Mon Sep 14 16:06:03 2015
26.0,39.0,26.17,Mon Sep 14 16:06:04 2015
26.0,39.0,26.17,Mon Sep 14 16:06:06 2015
26.0,39.0,26.17,Mon Sep 14 16:06:07 2015
26.0,39.0,26.17,Mon Sep 14 16:06:08 2015
26.0,39.0,26.17,Mon Sep 14 16:06:09 2015
26.0,39.0,26.17,Mon Sep 14 16:06:10 2015
26.0,39.0,26.17,Mon Sep 14 16:06:11 2015
26.0,39.0,26.17,Mon Sep 14 16:06:13 2015
26.0,39.0,26.17,Mon Sep 14 16:06:14 2015
26.0,39.0,26.17,Mon Sep 14 16:06:15 2015
26.0,39.0,26.17,Mon Sep 14 16:06:16 2015
26.0,39.0,26.17,Mon Sep 14 16:06:17 2015
26.0,39.0,26.17,Mon Sep 14 16:06:18 2015
26.0,39.0,26.17,Mon Sep 14 16:06:19 2015
26.0,39.0,26.17,Mon Sep 14 16:06:20 2015
26.0,39.0,26.17,Mon Sep 14 16:06:22 2015
26.0,39.0,26.17,Mon Sep 14 16:06:23 2015
26.0,39.0,26.17,Mon Sep 14 16:06:24 2015
26.0,39.0,26.17,Mon Sep 14 16:06:25 2015
26.0,39.0,26.17,Mon Sep 14 16:06:26 2015
26.0,39.0,26.17,Mon Sep 14 16:06:27 2015
26.0,39.0,26.17,Mon Sep 14 16:06:28 2015
26.0,39.0,26.17,Mon Sep 14 16:06:29 2015
26.0,39.0,26.17,Mon Sep 14 16:06:31 2015
26.0,39.0,26.17,Mon Sep 14 16:06:32 2015
26.0,39.0,26.17,Mon Sep 14 16:06:33 2015
26.0,39.0,26.17,Mon Sep 14 16:06:34 2015
26.0,39.0,26.17,Mon Sep 14 16:06:35 2015
26.0,39.0,26.17,Mon Sep 14 16:06:36 2015
26.0,39.0,26.17,Mon Sep 14 16:06:38 2015
26.0,39.0,26.17,Mon Sep 14 16:06:39 2015
26.0,39.0,26.17,Mon Sep 14 16:06:40 2015
26.0,39.0,26.17,Mon Sep 14 16:06:41 2015
26.0,39.0,26.17,Mon Sep 14 16:06:42 2015
26.0,39.0,26.17,Mon Sep 14 16:06:43 2015
26.0,39.0,26.17,Mon Sep 14 16:06:44 2015
26.0,39.0,26.17,Mon Sep 14 16:06:45 2015
26.0,39.0,26.17,Mon Sep 14 16:06:47 2015
26.0,39.0,26.17,Mon Sep 14 16:06:48 2015
26.0,39.0,26.17,Mon Sep 14 16:06:49 2015
26.0,39.0,26.17,Mon Sep 14 16:06:50 2015
26.0,39.0,26.17,Mon Sep 14 16:06:51 2015
26.0,39.0,26.17,Mon Sep 14 16:06:52 2015
26.0,39.0,26.17,Mon Sep 14 16:06:54 2015
26.0,39.0,26.17,Mon Sep 14 16:06:55 2015
26.0,39.0,26.17,Mon Sep 14 16:06:56 2015
26.0,39.0,26.17,Mon Sep 14 16:06:57 2015
26.0,39.0,26.17,Mon Sep 14 16:06:58 2015
26.0,39.0,26.17,Mon Sep 14 16:06:59 2015
26.0,39.0,26.17,Mon Sep 14 16:07:00 2015
26.0,39.0,26.17,Mon Sep 14 16:07:01 2015
26.0,39.0,26.17,Mon Sep 14 16:07:03 2015
26.0,39.0,26.17,Mon Sep 14 16:07:04 2015
26.0,39.0,26.17,Mon Sep 14 16:07:05 2015
26.0,39.0,26.17,Mon Sep 14 16:07:06 2015
26.0,39.0,26.17,Mon Sep 14 16:07:07 2015
26.0,39.0,26.17,Mon Sep 14 16:07:08 2015
26.0,39.0,26.17,Mon Sep 14 16:07:09 2015
26.0,39.0,26.17,Mon Sep 14 16:07:10 2015
26.0,39.0,26.17,Mon Sep 14 16:07:12 2015
26.0,39.0,26.17,Mon Sep 14 16:07:13 2015
26.0,39.0,26.17,Mon Sep 14 16:07:14 2015
26.0,39.0,26.17,Mon Sep 14 16:07:15 2015
26.0,39.0,26.17,Mon Sep 14 16:07:16 2015
26.0,39.0,26.17,Mon Sep 14 16:07:17 2015
26.0,39.0,26.17,Mon Sep 14 16:07:19 2015
26.0,39.0,26.17,Mon Sep 14 16:07:20 2015
26.0,39.0,26.17,Mon Sep 14 16:07:21 2015
26.0,39.0,26.17,Mon Sep 14 16:07:22 2015
26.0,39.0,26.17,Mon Sep 14 16:07:23 2015
26.0,39.0,26.17,Mon Sep 14 16:07:24 2015
26.0,39.0,26.17,Mon Sep 14 16:07:25 2015
26.0,39.0,26.17,Mon Sep 14 16:07:26 2015
26.0,39.0,26.17,Mon Sep 14 16:07:28 2015
26.0,39.0,26.17,Mon Sep 14 16:07:29 2015
26.0,39.0,26.17,Mon Sep 14 16:07:30 2015
26.0,39.0,26.17,Mon Sep 14 16:07:31 2015
26.0,39.0,26.17,Mon Sep 14 16:07:32 2015
26.0,39.0,26.17,Mon Sep 14 16:07:33 2015
26.0,39.0,26.17,Mon Sep 14 16:07:34 2015
26.0,39.0,26.17,Mon Sep 14 16:07:35 2015
26.0,39.0,26.17,Mon Sep 14 16:07:37 2015
26.0,39.0,26.17,Mon Sep 14 16:07:38 2015
26.0,39.0,26.17,Mon Sep 14 16:07:39 2015
26.0,39.0,26.17,Mon Sep 14 16:07:40 2015
26.0,39.0,26.17,Mon Sep 14 16:07:41 2015
26.0,39.0,26.17,Mon Sep 14 16:07:42 2015
26.0,39.0,26.17,Mon Sep 14 16:07:44 2015
26.0,39.0,26.17,Mon Sep 14 16:07:45 2015
26.0,39.0,26.17,Mon Sep 14 16:07:46 2015
26.0,39.0,26.17,Mon Sep 14 16:07:47 2015
26.0,39.0,26.17,Mon Sep 14 16:07:48 2015
26.0,39.0,26.17,Mon Sep 14 16:07:49 2015
26.0,39.0,26.17,Mon Sep 14 16:07:50 2015
26.0,39.0,26.17,Mon Sep 14 16:07:51 2015
26.0,39.0,26.17,Mon Sep 14 16:07:53 2015
26.0,39.0,26.17,Mon Sep 14 16:07:54 2015
26.0,39.0,26.17,Mon Sep 14 16:07:55 2015
26.0,39.0,26.17,Mon Sep 14 16:07:56 2015
26.0,39.0,26.17,Mon Sep 14 16:07:57 2015
26.0,39.0,26.17,Mon Sep 14 16:07:58 2015
26.0,39.0,26.17,Mon Sep 14 16:08:00 2015
26.0,39.0,26.17,Mon Sep 14 16:08:01 2015
26.0,39.0,26.17,Mon Sep 14 16:08:02 2015
26.0,39.0,26.17,Mon Sep 14 16:08:03 2015
26.0,39.0,26.17,Mon Sep 14 16:08:04 2015
26.0,39.0,26.17,Mon Sep 14 16:08:05 2015
26.0,39.0,26.17,Mon Sep 14 16:08:06 2015
26.0,39.0,26.17,Mon Sep 14 16:08:07 2015
26.0,39.0,26.17,Mon Sep 14 16:08:09 2015
26.0,39.0,26.17,Mon Sep 14 16:08:10 2015
26.0,39.0,26.17,Mon Sep 14 16:08:11 2015
26.0,39.0,26.17,Mon Sep 14 16:08:12 2015
26.0,39.0,26.17,Mon Sep 14 16:08:13 2015
26.0,39.0,26.17,Mon Sep 14 16:08:14 2015
26.0,39.0,26.17,Mon Sep 14 16:08:15 2015
26.0,39.0,26.17,Mon Sep 14 16:08:16 2015
26.0,39.0,26.17,Mon Sep 14 16:08:18 2015
26.0,39.0,26.17,Mon Sep 14 16:08:19 2015
26.0,39.0,26.17,Mon Sep 14 16:08:20 2015
26.0,39.0,26.17,Mon Sep 14 16:08:21 2015
26.0,39.0,26.17,Mon Sep 14 16:08:22 2015
26.0,39.0,26.17,Mon Sep 14 16:08:23 2015
26.0,39.0,26.17,Mon Sep 14 16:08:25 2015
26.0,39.0,26.17,Mon Sep 14 16:08:26 2015
26.0,39.0,26.17,Mon Sep 14 16:08:27 2015
26.0,39.0,26.17,Mon Sep 14 16:08:28 2015
26.0,39.0,26.17,Mon Sep 14 16:08:29 2015
26.0,39.0,26.17,Mon Sep 14 16:08:30 2015
26.0,39.0,26.17,Mon Sep 14 16:08:31 2015
26.0,39.0,26.17,Mon Sep 14 16:08:32 2015
26.0,39.0,26.17,Mon Sep 14 16:08:34 2015
26.0,39.0,26.17,Mon Sep 14 16:08:35 2015
26.0,39.0,26.17,Mon Sep 14 16:08:36 2015
26.0,39.0,26.17,Mon Sep 14 16:08:37 2015
26.0,39.0,26.17,Mon Sep 14 16:08:38 2015
26.0,39.0,26.17,Mon Sep 14 16:08:39 2015
26.0,39.0,26.17,Mon Sep 14 16:08:40 2015
26.0,39.0,26.17,Mon Sep 14 16:08:41 2015
26.0,39.0,26.17,Mon Sep 14 16:08:43 2015
26.0,39.0,26.17,Mon Sep 14 16:08:44 2015
26.0,39.0,26.17,Mon Sep 14 16:08:45 2015
26.0,39.0,26.17,Mon Sep 14 16:08:46 2015
26.0,39.0,26.17,Mon Sep 14 16:08:47 2015
26.0,39.0,26.17,Mon Sep 14 16:08:48 2015
26.0,39.0,26.17,Mon Sep 14 16:08:50 2015
26.0,39.0,26.17,Mon Sep 14 16:08:51 2015
26.0,39.0,26.17,Mon Sep 14 16:08:52 2015
26.0,39.0,26.17,Mon Sep 14 16:08:53 2015
26.0,39.0,26.17,Mon Sep 14 16:08:54 2015
26.0,39.0,26.17,Mon Sep 14 16:08:55 2015
26.0,39.0,26.17,Mon Sep 14 16:08:56 2015
26.0,39.0,26.17,Mon Sep 14 16:08:57 2015
26.0,39.0,26.17,Mon Sep 14 16:08:59 2015
26.0,39.0,26.17,Mon Sep 14 16:09:00 2015
26.0,39.0,26.17,Mon Sep 14 16:09:01 2015
26.0,39.0,26.17,Mon Sep 14 16:09:02 2015
26.0,39.0,26.17,Mon Sep 14 16:09:03 2015
26.0,39.0,26.17,Mon Sep 14 16:09:04 2015
26.0,39.0,26.17,Mon Sep 14 16:09:06 2015
26.0,39.0,26.17,Mon Sep 14 16:09:07 2015
26.0,39.0,26.17,Mon Sep 14 16:09:08 2015
26.0,39.0,26.17,Mon Sep 14 16:09:09 2015
26.0,39.0,26.17,Mon Sep 14 16:09:10 2015
26.0,39.0,26.17,Mon Sep 14 16:09:11 2015
26.0,39.0,26.17,Mon Sep 14 16:09:12 2015
26.0,39.0,26.17,Mon Sep 14 16:09:13 2015
26.0,39.0,26.17,Mon Sep 14 16:09:15 2015
26.0,39.0,26.17,Mon Sep 14 16:09:16 2015
26.0,39.0,26.17,Mon Sep 14 16:09:17 2015
26.0,39.0,26.17,Mon Sep 14 16:09:18 2015
26.0,39.0,26.17,Mon Sep 14 16:09:19 2015
26.0,39.0,26.17,Mon Sep 14 16:09:20 2015
26.0,39.0,26.17,Mon Sep 14 16:09:21 2015
26.0,39.0,26.17,Mon Sep 14 16:09:22 2015
26.0,39.0,26.17,Mon Sep 14 16:09:24 2015
26.0,39.0,26.17,Mon Sep 14 16:09:25 2015
26.0,39.0,26.17,Mon Sep 14 16:09:26 2015
26.0,39.0,26.17,Mon Sep 14 16:09:27 2015
26.0,39.0,26.17,Mon Sep 14 16:09:28 2015
26.0,39.0,26.17,Mon Sep 14 16:09:29 2015
26.0,39.0,26.17,Mon Sep 14 16:09:31 2015
26.0,39.0,26.17,Mon Sep 14 16:09:32 2015
26.0,39.0,26.17,Mon Sep 14 16:09:33 2015
26.0,39.0,26.17,Mon Sep 14 16:09:34 2015
26.0,39.0,26.17,Mon Sep 14 16:09:35 2015
26.0,39.0,26.17,Mon Sep 14 16:09:36 2015
26.0,39.0,26.17,Mon Sep 14 16:09:37 2015
26.0,39.0,26.17,Mon Sep 14 16:09:38 2015
26.0,39.0,26.17,Mon Sep 14 16:09:40 2015
26.0,39.0,26.17,Mon Sep 14 16:09:41 2015
26.0,39.0,26.17,Mon Sep 14 16:09:42 2015
26.0,39.0,26.17,Mon Sep 14 16:09:43 2015
26.0,39.0,26.17,Mon Sep 14 16:09:44 2015
26.0,39.0,26.17,Mon Sep 14 16:09:45 2015
26.0,39.0,26.17,Mon Sep 14 16:09:47 2015
26.0,39.0,26.17,Mon Sep 14 16:09:48 2015
26.0,39.0,26.17,Mon Sep 14 16:09:49 2015
26.0,39.0,26.17,Mon Sep 14 16:09:50 2015
26.0,39.0,26.17,Mon Sep 14 16:09:51 2015
26.0,39.0,26.17,Mon Sep 14 16:09:52 2015
26.0,39.0,26.17,Mon Sep 14 16:09:53 2015
26.0,39.0,26.17,Mon Sep 14 16:09:54 2015
26.0,39.0,26.17,Mon Sep 14 16:09:56 2015
26.0,39.0,26.17,Mon Sep 14 16:09:57 2015
26.0,39.0,26.17,Mon Sep 14 16:09:58 2015
26.0,39.0,26.17,Mon Sep 14 16:09:59 2015
26.0,39.0,26.17,Mon Sep 14 16:10:00 2015
26.0,39.0,26.17,Mon Sep 14 16:10:01 2015
26.0,39.0,26.17,Mon Sep 14 16:10:02 2015
26.0,39.0,26.17,Mon Sep 14 16:10:03 2015
26.0,39.0,26.17,Mon Sep 14 16:10:05 2015
26.0,39.0,26.17,Mon Sep 14 16:10:06 2015
26.0,39.0,26.17,Mon Sep 14 16:10:07 2015
26.0,39.0,26.17,Mon Sep 14 16:10:08 2015
26.0,39.0,26.17,Mon Sep 14 16:10:09 2015
26.0,39.0,26.17,Mon Sep 14 16:10:10 2015
26.0,39.0,26.17,Mon Sep 14 16:10:12 2015
26.0,39.0,26.17,Mon Sep 14 16:10:13 2015
26.0,39.0,26.17,Mon Sep 14 16:10:14 2015
26.0,39.0,26.17,Mon Sep 14 16:10:15 2015
26.0,39.0,26.17,Mon Sep 14 16:10:16 2015
26.0,39.0,26.17,Mon Sep 14 16:10:17 2015
26.0,39.0,26.17,Mon Sep 14 16:10:18 2015
26.0,39.0,26.17,Mon Sep 14 16:10:19 2015
26.0,39.0,26.17,Mon Sep 14 16:10:21 2015
26.0,39.0,26.17,Mon Sep 14 16:10:22 2015
26.0,39.0,26.17,Mon Sep 14 16:10:23 2015
26.0,39.0,26.17,Mon Sep 14 16:10:24 2015
26.0,39.0,26.17,Mon Sep 14 16:10:25 2015
26.0,39.0,26.17,Mon Sep 14 16:10:26 2015
26.0,39.0,26.17,Mon Sep 14 16:10:28 2015
26.0,39.0,26.17,Mon Sep 14 16:10:28 2015
26.0,39.0,26.17,Mon Sep 14 16:10:30 2015
26.0,39.0,26.17,Mon Sep 14 16:10:31 2015
26.0,39.0,26.17,Mon Sep 14 16:10:32 2015
26.0,39.0,26.17,Mon Sep 14 16:10:33 2015
26.0,40.0,26.21,Mon Sep 14 16:10:34 2015
26.0,40.0,26.21,Mon Sep 14 16:10:35 2015
26.0,39.0,26.17,Mon Sep 14 16:10:37 2015
26.0,39.0,26.17,Mon Sep 14 16:10:38 2015
26.0,39.0,26.17,Mon Sep 14 16:10:39 2015
26.0,39.0,26.17,Mon Sep 14 16:10:40 2015
26.0,39.0,26.17,Mon Sep 14 16:10:41 2015
26.0,39.0,26.17,Mon Sep 14 16:10:42 2015
26.0,39.0,26.17,Mon Sep 14 16:10:43 2015
26.0,39.0,26.17,Mon Sep 14 16:10:44 2015
26.0,39.0,26.17,Mon Sep 14 16:10:46 2015
26.0,39.0,26.17,Mon Sep 14 16:10:47 2015
26.0,39.0,26.17,Mon Sep 14 16:10:48 2015
26.0,39.0,26.17,Mon Sep 14 16:10:49 2015
26.0,39.0,26.17,Mon Sep 14 16:10:50 2015
26.0,39.0,26.17,Mon Sep 14 16:10:51 2015
26.0,39.0,26.17,Mon Sep 14 16:10:53 2015
26.0,39.0,26.17,Mon Sep 14 16:10:54 2015
26.0,39.0,26.17,Mon Sep 14 16:10:55 2015
26.0,39.0,26.17,Mon Sep 14 16:10:56 2015
26.0,39.0,26.17,Mon Sep 14 16:10:57 2015
26.0,39.0,26.17,Mon Sep 14 16:10:58 2015
26.0,39.0,26.17,Mon Sep 14 16:10:59 2015
26.0,39.0,26.17,Mon Sep 14 16:11:00 2015
26.0,39.0,26.17,Mon Sep 14 16:11:02 2015
26.0,39.0,26.17,Mon Sep 14 16:11:03 2015
26.0,39.0,26.17,Mon Sep 14 16:11:04 2015
26.0,39.0,26.17,Mon Sep 14 16:11:05 2015
26.0,39.0,26.17,Mon Sep 14 16:11:06 2015
26.0,39.0,26.17,Mon Sep 14 16:11:07 2015
26.0,39.0,26.17,Mon Sep 14 16:11:09 2015
26.0,39.0,26.17,Mon Sep 14 16:11:09 2015
26.0,39.0,26.17,Mon Sep 14 16:11:11 2015
26.0,39.0,26.17,Mon Sep 14 16:11:12 2015
26.0,39.0,26.17,Mon Sep 14 16:11:13 2015
26.0,39.0,26.17,Mon Sep 14 16:11:14 2015
26.0,39.0,26.17,Mon Sep 14 16:11:15 2015
26.0,39.0,26.17,Mon Sep 14 16:11:16 2015
26.0,39.0,26.17,Mon Sep 14 16:11:18 2015
26.0,39.0,26.17,Mon Sep 14 16:11:19 2015
26.0,39.0,26.17,Mon Sep 14 16:11:20 2015
26.0,39.0,26.17,Mon Sep 14 16:11:21 2015
26.0,39.0,26.17,Mon Sep 14 16:11:22 2015
26.0,39.0,26.17,Mon Sep 14 16:11:23 2015
26.0,39.0,26.17,Mon Sep 14 16:11:24 2015
26.0,39.0,26.17,Mon Sep 14 16:11:25 2015
26.0,39.0,26.17,Mon Sep 14 16:11:27 2015
26.0,39.0,26.17,Mon Sep 14 16:11:28 2015
26.0,39.0,26.17,Mon Sep 14 16:11:29 2015
26.0,39.0,26.17,Mon Sep 14 16:11:30 2015
26.0,39.0,26.17,Mon Sep 14 16:11:31 2015
26.0,39.0,26.17,Mon Sep 14 16:11:32 2015
26.0,39.0,26.17,Mon Sep 14 16:11:33 2015
26.0,39.0,26.17,Mon Sep 14 16:11:34 2015
26.0,39.0,26.17,Mon Sep 14 16:11:36 2015
26.0,39.0,26.17,Mon Sep 14 16:11:37 2015
26.0,39.0,26.17,Mon Sep 14 16:11:38 2015
26.0,39.0,26.17,Mon Sep 14 16:11:39 2015
26.0,39.0,26.17,Mon Sep 14 16:11:40 2015
26.0,39.0,26.17,Mon Sep 14 16:11:41 2015
26.0,39.0,26.17,Mon Sep 14 16:11:43 2015
26.0,39.0,26.17,Mon Sep 14 16:11:44 2015
26.0,39.0,26.17,Mon Sep 14 16:11:45 2015
26.0,39.0,26.17,Mon Sep 14 16:11:46 2015
26.0,39.0,26.17,Mon Sep 14 16:11:47 2015
26.0,39.0,26.17,Mon Sep 14 16:11:48 2015
26.0,39.0,26.17,Mon Sep 14 16:11:49 2015
26.0,39.0,26.17,Mon Sep 14 16:11:51 2015
26.0,39.0,26.17,Mon Sep 14 16:11:52 2015
26.0,39.0,26.17,Mon Sep 14 16:11:53 2015
26.0,39.0,26.17,Mon Sep 14 16:11:54 2015
26.0,39.0,26.17,Mon Sep 14 16:11:55 2015
26.0,39.0,26.17,Mon Sep 14 16:11:56 2015
26.0,39.0,26.17,Mon Sep 14 16:11:57 2015
26.0,39.0,26.17,Mon Sep 14 16:11:59 2015
26.0,39.0,26.17,Mon Sep 14 16:12:00 2015
26.0,39.0,26.17,Mon Sep 14 16:12:01 2015
26.0,39.0,26.17,Mon Sep 14 16:12:02 2015
26.0,39.0,26.17,Mon Sep 14 16:12:03 2015
26.0,39.0,26.17,Mon Sep 14 16:12:04 2015
26.0,39.0,26.17,Mon Sep 14 16:12:05 2015
26.0,39.0,26.17,Mon Sep 14 16:12:06 2015
26.0,39.0,26.17,Mon Sep 14 16:12:08 2015
26.0,39.0,26.17,Mon Sep 14 16:12:09 2015
26.0,39.0,26.17,Mon Sep 14 16:12:10 2015
26.0,39.0,26.17,Mon Sep 14 16:12:11 2015
26.0,39.0,26.17,Mon Sep 14 16:12:12 2015
26.0,39.0,26.17,Mon Sep 14 16:12:13 2015
26.0,39.0,26.17,Mon Sep 14 16:12:14 2015
26.0,39.0,26.17,Mon Sep 14 16:12:15 2015
26.0,39.0,26.17,Mon Sep 14 16:12:17 2015
26.0,39.0,26.17,Mon Sep 14 16:12:18 2015
26.0,39.0,26.17,Mon Sep 14 16:12:19 2015
26.0,39.0,26.17,Mon Sep 14 16:12:20 2015
26.0,39.0,26.17,Mon Sep 14 16:12:21 2015
26.0,39.0,26.17,Mon Sep 14 16:12:22 2015
26.0,39.0,26.17,Mon Sep 14 16:12:24 2015
26.0,39.0,26.17,Mon Sep 14 16:12:25 2015
26.0,39.0,26.17,Mon Sep 14 16:12:26 2015
26.0,39.0,26.17,Mon Sep 14 16:12:27 2015
26.0,39.0,26.17,Mon Sep 14 16:12:28 2015
24.0,41.0,25.33,Wed Sep 23 00:09:00 2015
24.0,41.0,25.33,Wed Sep 23 00:09:01 2015
24.0,40.0,25.31,Wed Sep 23 00:09:02 2015
24.0,40.0,25.31,Wed Sep 23 00:09:03 2015
24.0,41.0,25.33,Wed Sep 23 00:09:05 2015
24.0,41.0,25.33,Wed Sep 23 00:09:05 2015
24.0,41.0,25.33,Wed Sep 23 00:09:07 2015
24.0,41.0,25.33,Wed Sep 23 00:09:08 2015
24.0,41.0,25.33,Wed Sep 23 00:09:09 2015
24.0,41.0,25.33,Wed Sep 23 00:09:10 2015
24.0,41.0,25.33,Wed Sep 23 00:09:11 2015
24.0,41.0,25.33,Wed Sep 23 00:09:12 2015
24.0,42.0,25.34,Wed Sep 23 00:09:14 2015
24.0,42.0,25.34,Wed Sep 23 00:09:15 2015
24.0,41.0,25.33,Wed Sep 23 00:09:16 2015
24.0,41.0,25.33,Wed Sep 23 00:09:17 2015
24.0,41.0,25.33,Wed Sep 23 00:09:18 2015
24.0,41.0,25.33,Wed Sep 23 00:09:19 2015
24.0,41.0,25.33,Wed Sep 23 00:09:20 2015
24.0,41.0,25.33,Wed Sep 23 00:09:21 2015
24.0,42.0,25.34,Wed Sep 23 00:09:23 2015
24.0,42.0,25.34,Wed Sep 23 00:09:24 2015
24.0,40.0,25.31,Wed Sep 23 00:09:25 2015
24.0,40.0,25.31,Wed Sep 23 00:09:26 2015
24.0,41.0,25.33,Wed Sep 23 00:09:27 2015
24.0,41.0,25.33,Wed Sep 23 00:09:28 2015
24.0,41.0,25.33,Wed Sep 23 00:09:30 2015
24.0,41.0,25.33,Wed Sep 23 00:09:31 2015
24.0,40.0,25.31,Wed Sep 23 00:09:32 2015
24.0,40.0,25.31,Wed Sep 23 00:09:33 2015
24.0,41.0,25.33,Wed Sep 23 00:09:34 2015
24.0,41.0,25.33,Wed Sep 23 00:09:35 2015
24.0,41.0,25.33,Wed Sep 23 00:09:36 2015
24.0,41.0,25.33,Wed Sep 23 00:09:37 2015
24.0,42.0,25.34,Wed Sep 23 00:09:39 2015
24.0,42.0,25.34,Wed Sep 23 00:09:40 2015
24.0,40.0,25.31,Wed Sep 23 00:09:41 2015
24.0,40.0,25.31,Wed Sep 23 00:09:42 2015
24.0,41.0,25.33,Wed Sep 23 00:09:43 2015
24.0,41.0,25.33,Wed Sep 23 00:09:44 2015
24.0,41.0,25.33,Wed Sep 23 00:09:46 2015
24.0,41.0,25.33,Wed Sep 23 00:09:47 2015
24.0,41.0,25.33,Wed Sep 23 00:09:48 2015
24.0,41.0,25.33,Wed Sep 23 00:09:49 2015
24.0,41.0,25.33,Wed Sep 23 00:09:50 2015
24.0,41.0,25.33,Wed Sep 23 00:09:51 2015
24.0,42.0,25.34,Wed Sep 23 00:09:52 2015
24.0,42.0,25.34,Wed Sep 23 00:09:53 2015
24.0,41.0,25.33,Wed Sep 23 00:09:55 2015
24.0,41.0,25.33,Wed Sep 23 00:09:56 2015
24.0,42.0,25.34,Wed Sep 23 00:09:57 2015
24.0,42.0,25.34,Wed Sep 23 00:09:58 2015
24.0,42.0,25.34,Wed Sep 23 00:09:59 2015
24.0,42.0,25.34,Wed Sep 23 00:10:00 2015
24.0,41.0,25.33,Wed Sep 23 00:10:01 2015
24.0,41.0,25.33,Wed Sep 23 00:10:02 2015
24.0,41.0,25.33,Wed Sep 23 00:10:04 2015
24.0,41.0,25.33,Wed Sep 23 00:10:05 2015
24.0,41.0,25.33,Wed Sep 23 00:10:06 2015
24.0,41.0,25.33,Wed Sep 23 00:10:07 2015
24.0,41.0,25.33,Wed Sep 23 00:10:08 2015
24.0,41.0,25.33,Wed Sep 23 00:10:09 2015
24.0,41.0,25.33,Wed Sep 23 00:10:11 2015
24.0,41.0,25.33,Wed Sep 23 00:10:12 2015
24.0,41.0,25.33,Wed Sep 23 00:10:13 2015
24.0,41.0,25.33,Wed Sep 23 00:10:14 2015
24.0,41.0,25.33,Wed Sep 23 00:10:15 2015
24.0,41.0,25.33,Wed Sep 23 00:10:16 2015
24.0,41.0,25.33,Wed Sep 23 00:10:17 2015
24.0,41.0,25.33,Wed Sep 23 00:10:18 2015
24.0,41.0,25.33,Wed Sep 23 00:10:20 2015
24.0,41.0,25.33,Wed Sep 23 00:10:21 2015
24.0,41.0,25.33,Wed Sep 23 00:10:22 2015
24.0,41.0,25.33,Wed Sep 23 00:10:23 2015
24.0,41.0,25.33,Wed Sep 23 00:10:24 2015
24.0,41.0,25.33,Wed Sep 23 00:10:25 2015
24.0,41.0,25.33,Wed Sep 23 00:10:26 2015
24.0,41.0,25.33,Wed Sep 23 00:10:27 2015
24.0,41.0,25.33,Wed Sep 23 00:10:29 2015
24.0,41.0,25.33,Wed Sep 23 00:10:30 2015
24.0,41.0,25.33,Wed Sep 23 00:10:31 2015
24.0,41.0,25.33,Wed Sep 23 00:10:32 2015
24.0,41.0,25.33,Wed Sep 23 00:10:33 2015
24.0,41.0,25.33,Wed Sep 23 00:10:34 2015
24.0,41.0,25.33,Wed Sep 23 00:10:36 2015
24.0,41.0,25.33,Wed Sep 23 00:10:37 2015
24.0,41.0,25.33,Wed Sep 23 00:10:38 2015
24.0,41.0,25.33,Wed Sep 23 00:10:39 2015
24.0,41.0,25.33,Wed Sep 23 00:10:40 2015
24.0,41.0,25.33,Wed Sep 23 00:10:41 2015
24.0,42.0,25.34,Wed Sep 23 00:10:42 2015
24.0,42.0,25.34,Wed Sep 23 00:10:43 2015
24.0,42.0,25.34,Wed Sep 23 00:10:45 2015
24.0,42.0,25.34,Wed Sep 23 00:10:46 2015
24.0,41.0,25.33,Wed Sep 23 00:10:47 2015
24.0,41.0,25.33,Wed Sep 23 00:10:48 2015
24.0,41.0,25.33,Wed Sep 23 00:10:49 2015
24.0,41.0,25.33,Wed Sep 23 00:10:50 2015
24.0,41.0,25.33,Wed Sep 23 00:10:51 2015
24.0,41.0,25.33,Wed Sep 23 00:10:52 2015
24.0,41.0,25.33,Wed Sep 23 00:10:54 2015
24.0,41.0,25.33,Wed Sep 23 00:10:55 2015
24.0,41.0,25.33,Wed Sep 23 00:10:56 2015
24.0,41.0,25.33,Wed Sep 23 00:10:57 2015
24.0,41.0,25.33,Wed Sep 23 00:10:58 2015
24.0,41.0,25.33,Wed Sep 23 00:10:59 2015
24.0,41.0,25.33,Wed Sep 23 00:11:01 2015
24.0,41.0,25.33,Wed Sep 23 00:11:02 2015
24.0,41.0,25.33,Wed Sep 23 00:11:03 2015
24.0,41.0,25.33,Wed Sep 23 00:11:04 2015
24.0,41.0,25.33,Wed Sep 23 00:11:05 2015
24.0,41.0,25.33,Wed Sep 23 00:11:06 2015
24.0,42.0,25.34,Wed Sep 23 00:11:07 2015
24.0,42.0,25.34,Wed Sep 23 00:11:08 2015
24.0,41.0,25.33,Wed Sep 23 00:11:10 2015
24.0,41.0,25.33,Wed Sep 23 00:11:11 2015
24.0,41.0,25.33,Wed Sep 23 00:11:12 2015
24.0,41.0,25.33,Wed Sep 23 00:11:13 2015
24.0,41.0,25.33,Wed Sep 23 00:11:14 2015
24.0,41.0,25.33,Wed Sep 23 00:11:15 2015
24.0,41.0,25.33,Wed Sep 23 00:11:17 2015
24.0,41.0,25.33,Wed Sep 23 00:11:18 2015
24.0,41.0,25.33,Wed Sep 23 00:11:19 2015
24.0,41.0,25.33,Wed Sep 23 00:11:20 2015
24.0,41.0,25.33,Wed Sep 23 00:11:21 2015
24.0,41.0,25.33,Wed Sep 23 00:11:22 2015
24.0,41.0,25.33,Wed Sep 23 00:11:23 2015
24.0,41.0,25.33,Wed Sep 23 00:11:24 2015
24.0,41.0,25.33,Wed Sep 23 00:11:26 2015
24.0,41.0,25.33,Wed Sep 23 00:11:27 2015
24.0,41.0,25.33,Wed Sep 23 00:11:28 2015
24.0,41.0,25.33,Wed Sep 23 00:11:29 2015
24.0,41.0,25.33,Wed Sep 23 00:11:30 2015
24.0,41.0,25.33,Wed Sep 23 00:11:31 2015
24.0,42.0,25.34,Wed Sep 23 00:11:32 2015
24.0,42.0,25.34,Wed Sep 23 00:11:33 2015
24.0,41.0,25.33,Wed Sep 23 00:11:35 2015
24.0,41.0,25.33,Wed Sep 23 00:11:36 2015
24.0,41.0,25.33,Wed Sep 23 00:11:37 2015
24.0,41.0,25.33,Wed Sep 23 00:11:38 2015
24.0,41.0,25.33,Wed Sep 23 00:11:39 2015
24.0,41.0,25.33,Wed Sep 23 00:11:40 2015
24.0,40.0,25.31,Wed Sep 23 00:11:42 2015
24.0,40.0,25.31,Wed Sep 23 00:11:43 2015
24.0,41.0,25.33,Wed Sep 23 00:11:44 2015
24.0,41.0,25.33,Wed Sep 23 00:11:45 2015
24.0,41.0,25.33,Wed Sep 23 00:11:46 2015
24.0,41.0,25.33,Wed Sep 23 00:11:47 2015
24.0,41.0,25.33,Wed Sep 23 00:11:48 2015
24.0,41.0,25.33,Wed Sep 23 00:11:49 2015
24.0,41.0,25.33,Wed Sep 23 00:11:51 2015
24.0,41.0,25.33,Wed Sep 23 00:11:52 2015
24.0,42.0,25.34,Wed Sep 23 00:11:53 2015
24.0,42.0,25.34,Wed Sep 23 00:11:54 2015
24.0,41.0,25.33,Wed Sep 23 00:11:55 2015
24.0,41.0,25.33,Wed Sep 23 00:11:56 2015
24.0,41.0,25.33,Wed Sep 23 00:11:58 2015
24.0,41.0,25.33,Wed Sep 23 00:11:59 2015
24.0,41.0,25.33,Wed Sep 23 00:12:00 2015
24.0,41.0,25.33,Wed Sep 23 00:12:01 2015
24.0,41.0,25.33,Wed Sep 23 00:12:02 2015
24.0,41.0,25.33,Wed Sep 23 00:12:03 2015
24.0,42.0,25.34,Wed Sep 23 00:12:04 2015
24.0,42.0,25.34,Wed Sep 23 00:12:05 2015
24.0,42.0,25.34,Wed Sep 23 00:12:07 2015
24.0,42.0,25.34,Wed Sep 23 00:12:08 2015
24.0,41.0,25.33,Wed Sep 23 00:12:09 2015
24.0,41.0,25.33,Wed Sep 23 00:12:10 2015
24.0,41.0,25.33,Wed Sep 23 00:12:11 2015
24.0,41.0,25.33,Wed Sep 23 00:12:12 2015
24.0,41.0,25.33,Wed Sep 23 00:12:13 2015
24.0,41.0,25.33,Wed Sep 23 00:12:14 2015
24.0,41.0,25.33,Wed Sep 23 00:12:16 2015
24.0,41.0,25.33,Wed Sep 23 00:12:17 2015
24.0,41.0,25.33,Wed Sep 23 00:12:18 2015
24.0,41.0,25.33,Wed Sep 23 00:12:19 2015
24.0,41.0,25.33,Wed Sep 23 00:12:20 2015
24.0,41.0,25.33,Wed Sep 23 00:12:21 2015
24.0,41.0,25.33,Wed Sep 23 00:12:23 2015
24.0,41.0,25.33,Wed Sep 23 00:12:24 2015
24.0,41.0,25.33,Wed Sep 23 00:12:25 2015
24.0,41.0,25.33,Wed Sep 23 00:12:26 2015
24.0,41.0,25.33,Wed Sep 23 00:12:27 2015
24.0,41.0,25.33,Wed Sep 23 00:12:28 2015
24.0,41.0,25.33,Wed Sep 23 00:12:29 2015
24.0,41.0,25.33,Wed Sep 23 00:12:30 2015
24.0,41.0,25.33,Wed Sep 23 00:12:32 2015
24.0,41.0,25.33,Wed Sep 23 00:12:33 2015
24.0,41.0,25.33,Wed Sep 23 00:12:34 2015
24.0,41.0,25.33,Wed Sep 23 00:12:35 2015
24.0,41.0,25.33,Wed Sep 23 00:12:36 2015
24.0,41.0,25.33,Wed Sep 23 00:12:37 2015
24.0,41.0,25.33,Wed Sep 23 00:12:38 2015
24.0,41.0,25.33,Wed Sep 23 00:12:39 2015
24.0,40.0,25.31,Wed Sep 23 00:12:41 2015
24.0,40.0,25.31,Wed Sep 23 00:12:42 2015
24.0,41.0,25.33,Wed Sep 23 00:12:43 2015
24.0,41.0,25.33,Wed Sep 23 00:12:44 2015
24.0,42.0,25.34,Wed Sep 23 00:12:45 2015
24.0,42.0,25.34,Wed Sep 23 00:12:46 2015
24.0,41.0,25.33,Wed Sep 23 00:12:48 2015
24.0,41.0,25.33,Wed Sep 23 00:12:49 2015
24.0,41.0,25.33,Wed Sep 23 00:12:50 2015
24.0,41.0,25.33,Wed Sep 23 00:12:51 2015
24.0,42.0,25.34,Wed Sep 23 00:12:52 2015
24.0,42.0,25.34,Wed Sep 23 00:12:53 2015
24.0,41.0,25.33,Wed Sep 23 00:12:54 2015
24.0,41.0,25.33,Wed Sep 23 00:12:55 2015
24.0,41.0,25.33,Wed Sep 23 00:12:57 2015
24.0,41.0,25.33,Wed Sep 23 00:12:58 2015
24.0,41.0,25.33,Wed Sep 23 00:12:59 2015
24.0,41.0,25.33,Wed Sep 23 00:13:00 2015
24.0,42.0,25.34,Wed Sep 23 00:13:01 2015
24.0,42.0,25.34,Wed Sep 23 00:13:02 2015
24.0,42.0,25.34,Wed Sep 23 00:13:04 2015
24.0,42.0,25.34,Wed Sep 23 00:13:05 2015
24.0,41.0,25.33,Wed Sep 23 00:13:06 2015
24.0,41.0,25.33,Wed Sep 23 00:13:07 2015
24.0,41.0,25.33,Wed Sep 23 00:13:08 2015
24.0,41.0,25.33,Wed Sep 23 00:13:09 2015
24.0,41.0,25.33,Wed Sep 23 00:13:10 2015
24.0,41.0,25.33,Wed Sep 23 00:13:11 2015
24.0,41.0,25.33,Wed Sep 23 00:13:13 2015
24.0,41.0,25.33,Wed Sep 23 00:13:14 2015
24.0,42.0,25.34,Wed Sep 23 00:13:15 2015
24.0,42.0,25.34,Wed Sep 23 00:13:16 2015
24.0,42.0,25.34,Wed Sep 23 00:13:17 2015
24.0,42.0,25.34,Wed Sep 23 00:13:18 2015
24.0,41.0,25.33,Wed Sep 23 00:13:19 2015
24.0,41.0,25.33,Wed Sep 23 00:13:20 2015
24.0,41.0,25.33,Wed Sep 23 00:13:22 2015
24.0,41.0,25.33,Wed Sep 23 00:13:23 2015
24.0,42.0,25.34,Wed Sep 23 00:13:24 2015
24.0,42.0,25.34,Wed Sep 23 00:13:25 2015
24.0,42.0,25.34,Wed Sep 23 00:13:26 2015
24.0,42.0,25.34,Wed Sep 23 00:13:27 2015
24.0,41.0,25.33,Wed Sep 23 00:13:29 2015
24.0,41.0,25.33,Wed Sep 23 00:13:30 2015
24.0,41.0,25.33,Wed Sep 23 00:13:31 2015
24.0,41.0,25.33,Wed Sep 23 00:13:32 2015
24.0,42.0,25.34,Wed Sep 23 00:13:33 2015
24.0,42.0,25.34,Wed Sep 23 00:13:34 2015
24.0,42.0,25.34,Wed Sep 23 00:13:35 2015
24.0,42.0,25.34,Wed Sep 23 00:13:36 2015
24.0,43.0,25.36,Wed Sep 23 00:13:38 2015
24.0,43.0,25.36,Wed Sep 23 00:13:39 2015
24.0,43.0,25.36,Wed Sep 23 00:13:40 2015
24.0,43.0,25.36,Wed Sep 23 00:13:41 2015
24.0,43.0,25.36,Wed Sep 23 00:13:42 2015
24.0,43.0,25.36,Wed Sep 23 00:13:43 2015
24.0,43.0,25.36,Wed Sep 23 00:13:44 2015
24.0,43.0,25.36,Wed Sep 23 00:13:45 2015
24.0,43.0,25.36,Wed Sep 23 00:13:47 2015
24.0,43.0,25.36,Wed Sep 23 00:13:48 2015
24.0,43.0,25.36,Wed Sep 23 00:13:49 2015
24.0,43.0,25.36,Wed Sep 23 00:13:50 2015
24.0,43.0,25.36,Wed Sep 23 00:13:51 2015
24.0,43.0,25.36,Wed Sep 23 00:13:52 2015
24.0,43.0,25.36,Wed Sep 23 00:13:54 2015
24.0,43.0,25.36,Wed Sep 23 00:13:55 2015
24.0,42.0,25.34,Wed Sep 23 00:13:56 2015
24.0,42.0,25.34,Wed Sep 23 00:13:57 2015
24.0,43.0,25.36,Wed Sep 23 00:13:58 2015
24.0,43.0,25.36,Wed Sep 23 00:13:59 2015
24.0,43.0,25.36,Wed Sep 23 00:14:00 2015
24.0,43.0,25.36,Wed Sep 23 00:14:01 2015
24.0,43.0,25.36,Wed Sep 23 00:14:03 2015
24.0,43.0,25.36,Wed Sep 23 00:14:04 2015
24.0,43.0,25.36,Wed Sep 23 00:14:05 2015
24.0,43.0,25.36,Wed Sep 23 00:14:06 2015
24.0,42.0,25.34,Wed Sep 23 00:14:07 2015
24.0,42.0,25.34,Wed Sep 23 00:14:08 2015
24.0,43.0,25.36,Wed Sep 23 00:14:10 2015
24.0,43.0,25.36,Wed Sep 23 00:14:11 2015
24.0,42.0,25.34,Wed Sep 23 00:14:12 2015
24.0,42.0,25.34,Wed Sep 23 00:14:13 2015
24.0,43.0,25.36,Wed Sep 23 00:14:14 2015
24.0,43.0,25.36,Wed Sep 23 00:14:15 2015
24.0,42.0,25.34,Wed Sep 23 00:14:16 2015
24.0,42.0,25.34,Wed Sep 23 00:14:17 2015
24.0,43.0,25.36,Wed Sep 23 00:14:19 2015
24.0,43.0,25.36,Wed Sep 23 00:14:20 2015
24.0,42.0,25.34,Wed Sep 23 00:14:21 2015
24.0,42.0,25.34,Wed Sep 23 00:14:22 2015
24.0,42.0,25.34,Wed Sep 23 00:14:23 2015
24.0,42.0,25.34,Wed Sep 23 00:14:24 2015
24.0,42.0,25.34,Wed Sep 23 00:14:25 2015
24.0,42.0,25.34,Wed Sep 23 00:14:26 2015
24.0,42.0,25.34,Wed Sep 23 00:14:28 2015
24.0,42.0,25.34,Wed Sep 23 00:14:29 2015
24.0,42.0,25.34,Wed Sep 23 00:14:30 2015
24.0,42.0,25.34,Wed Sep 23 00:14:31 2015
24.0,42.0,25.34,Wed Sep 23 00:14:32 2015
24.0,42.0,25.34,Wed Sep 23 00:14:33 2015
24.0,42.0,25.34,Wed Sep 23 00:14:35 2015
24.0,42.0,25.34,Wed Sep 23 00:14:36 2015
24.0,42.0,25.34,Wed Sep 23 00:14:37 2015
24.0,42.0,25.34,Wed Sep 23 00:14:38 2015
24.0,42.0,25.34,Wed Sep 23 00:14:39 2015
24.0,42.0,25.34,Wed Sep 23 00:14:40 2015
24.0,42.0,25.34,Wed Sep 23 00:14:41 2015
24.0,42.0,25.34,Wed Sep 23 00:14:42 2015
24.0,42.0,25.34,Wed Sep 23 00:14:44 2015
24.0,42.0,25.34,Wed Sep 23 00:14:45 2015
24.0,43.0,25.36,Wed Sep 23 00:14:46 2015
24.0,43.0,25.36,Wed Sep 23 00:14:47 2015
24.0,42.0,25.34,Wed Sep 23 00:14:48 2015
24.0,42.0,25.34,Wed Sep 23 00:14:49 2015
24.0,42.0,25.34,Wed Sep 23 00:14:51 2015
24.0,42.0,25.34,Wed Sep 23 00:14:52 2015
24.0,42.0,25.34,Wed Sep 23 00:14:53 2015
24.0,42.0,25.34,Wed Sep 23 00:14:54 2015
24.0,42.0,25.34,Wed Sep 23 00:14:55 2015
24.0,42.0,25.34,Wed Sep 23 00:14:56 2015
24.0,42.0,25.34,Wed Sep 23 00:14:57 2015
24.0,42.0,25.34,Wed Sep 23 00:14:58 2015
24.0,42.0,25.34,Wed Sep 23 00:15:00 2015
24.0,42.0,25.34,Wed Sep 23 00:15:01 2015
24.0,42.0,25.34,Wed Sep 23 00:15:02 2015
24.0,42.0,25.34,Wed Sep 23 00:15:03 2015
24.0,42.0,25.34,Wed Sep 23 00:15:04 2015
24.0,42.0,25.34,Wed Sep 23 00:15:05 2015
24.0,42.0,25.34,Wed Sep 23 00:15:07 2015
24.0,42.0,25.34,Wed Sep 23 00:15:07 2015
24.0,42.0,25.34,Wed Sep 23 00:15:09 2015
24.0,42.0,25.34,Wed Sep 23 00:15:10 2015
24.0,41.0,25.33,Wed Sep 23 00:15:11 2015
24.0,41.0,25.33,Wed Sep 23 00:15:12 2015
24.0,42.0,25.34,Wed Sep 23 00:15:13 2015
24.0,42.0,25.34,Wed Sep 23 00:15:14 2015
24.0,42.0,25.34,Wed Sep 23 00:15:16 2015
24.0,42.0,25.34,Wed Sep 23 00:15:17 2015
24.0,41.0,25.33,Wed Sep 23 00:15:18 2015
24.0,41.0,25.33,Wed Sep 23 00:15:19 2015
24.0,43.0,25.36,Wed Sep 23 00:15:20 2015
24.0,43.0,25.36,Wed Sep 23 00:15:21 2015
24.0,41.0,25.33,Wed Sep 23 00:15:22 2015
24.0,41.0,25.33,Wed Sep 23 00:15:23 2015
24.0,42.0,25.34,Wed Sep 23 00:15:25 2015
24.0,42.0,25.34,Wed Sep 23 00:15:26 2015
24.0,42.0,25.34,Wed Sep 23 00:15:27 2015
24.0,42.0,25.34,Wed Sep 23 00:15:28 2015
24.0,42.0,25.34,Wed Sep 23 00:15:29 2015
24.0,42.0,25.34,Wed Sep 23 00:15:30 2015
24.0,42.0,25.34,Wed Sep 23 00:15:31 2015
24.0,42.0,25.34,Wed Sep 23 00:15:32 2015
24.0,42.0,25.34,Wed Sep 23 00:15:34 2015
24.0,42.0,25.34,Wed Sep 23 00:15:35 2015
24.0,42.0,25.34,Wed Sep 23 00:15:36 2015
24.0,42.0,25.34,Wed Sep 23 00:15:37 2015
24.0,41.0,25.33,Wed Sep 23 00:15:38 2015
24.0,41.0,25.33,Wed Sep 23 00:15:39 2015
24.0,41.0,25.33,Wed Sep 23 00:15:41 2015
24.0,41.0,25.33,Wed Sep 23 00:15:42 2015
24.0,42.0,25.34,Wed Sep 23 00:15:43 2015
24.0,42.0,25.34,Wed Sep 23 00:15:44 2015
24.0,41.0,25.33,Wed Sep 23 00:15:45 2015
24.0,41.0,25.33,Wed Sep 23 00:15:46 2015
24.0,43.0,25.36,Wed Sep 23 00:15:47 2015
24.0,43.0,25.36,Wed Sep 23 00:15:49 2015
24.0,42.0,25.34,Wed Sep 23 00:15:50 2015
24.0,42.0,25.34,Wed Sep 23 00:15:51 2015
24.0,42.0,25.34,Wed Sep 23 00:15:52 2015
24.0,42.0,25.34,Wed Sep 23 00:15:53 2015
24.0,41.0,25.33,Wed Sep 23 00:15:54 2015
24.0,41.0,25.33,Wed Sep 23 00:15:55 2015
24.0,41.0,25.33,Wed Sep 23 00:15:57 2015
24.0,41.0,25.33,Wed Sep 23 00:15:58 2015
24.0,42.0,25.34,Wed Sep 23 00:15:59 2015
24.0,42.0,25.34,Wed Sep 23 00:16:00 2015
24.0,41.0,25.33,Wed Sep 23 00:16:01 2015
24.0,41.0,25.33,Wed Sep 23 00:16:02 2015
24.0,42.0,25.34,Wed Sep 23 00:16:03 2015
24.0,42.0,25.34,Wed Sep 23 00:16:04 2015
24.0,42.0,25.34,Wed Sep 23 00:16:06 2015
24.0,42.0,25.34,Wed Sep 23 00:16:07 2015
24.0,41.0,25.33,Wed Sep 23 00:16:08 2015
24.0,41.0,25.33,Wed Sep 23 00:16:09 2015
24.0,42.0,25.34,Wed Sep 23 00:16:10 2015
24.0,42.0,25.34,Wed Sep 23 00:16:11 2015
24.0,42.0,25.34,Wed Sep 23 00:16:12 2015
24.0,42.0,25.34,Wed Sep 23 00:16:13 2015
24.0,42.0,25.34,Wed Sep 23 00:16:15 2015
24.0,42.0,25.34,Wed Sep 23 00:16:16 2015
24.0,41.0,25.33,Wed Sep 23 00:16:17 2015
24.0,41.0,25.33,Wed Sep 23 00:16:18 2015
24.0,41.0,25.33,Wed Sep 23 00:16:19 2015
24.0,41.0,25.33,Wed Sep 23 00:16:20 2015
24.0,42.0,25.34,Wed Sep 23 00:16:22 2015
24.0,42.0,25.34,Wed Sep 23 00:16:23 2015
24.0,42.0,25.34,Wed Sep 23 00:16:24 2015
24.0,42.0,25.34,Wed Sep 23 00:16:25 2015
24.0,42.0,25.34,Wed Sep 23 00:16:26 2015
24.0,42.0,25.34,Wed Sep 23 00:16:27 2015
24.0,42.0,25.34,Wed Sep 23 00:16:28 2015
24.0,42.0,25.34,Wed Sep 23 00:16:29 2015
24.0,42.0,25.34,Wed Sep 23 00:16:31 2015
24.0,42.0,25.34,Wed Sep 23 00:16:32 2015
24.0,42.0,25.34,Wed Sep 23 00:16:33 2015
24.0,42.0,25.34,Wed Sep 23 00:16:34 2015
24.0,42.0,25.34,Wed Sep 23 00:16:35 2015
24.0,42.0,25.34,Wed Sep 23 00:16:36 2015
24.0,42.0,25.34,Wed Sep 23 00:16:38 2015
24.0,42.0,25.34,Wed Sep 23 00:16:39 2015
24.0,42.0,25.34,Wed Sep 23 00:16:40 2015
24.0,42.0,25.34,Wed Sep 23 00:16:41 2015
24.0,42.0,25.34,Wed Sep 23 00:16:42 2015
24.0,42.0,25.34,Wed Sep 23 00:16:43 2015
24.0,42.0,25.34,Wed Sep 23 00:16:44 2015
24.0,42.0,25.34,Wed Sep 23 00:16:45 2015
24.0,42.0,25.34,Wed Sep 23 00:16:47 2015
24.0,42.0,25.34,Wed Sep 23 00:16:48 2015
24.0,43.0,25.36,Wed Sep 23 00:16:49 2015
24.0,43.0,25.36,Wed Sep 23 00:16:50 2015
24.0,41.0,25.33,Wed Sep 23 00:16:51 2015
24.0,41.0,25.33,Wed Sep 23 00:16:52 2015
24.0,41.0,25.33,Wed Sep 23 00:16:53 2015
24.0,41.0,25.33,Wed Sep 23 00:16:54 2015
24.0,42.0,25.34,Wed Sep 23 00:16:56 2015
24.0,42.0,25.34,Wed Sep 23 00:16:57 2015
24.0,41.0,25.33,Wed Sep 23 00:16:58 2015
24.0,41.0,25.33,Wed Sep 23 00:16:59 2015
24.0,42.0,25.34,Wed Sep 23 00:17:00 2015
24.0,42.0,25.34,Wed Sep 23 00:17:01 2015
24.0,41.0,25.33,Wed Sep 23 00:17:03 2015
24.0,41.0,25.33,Wed Sep 23 00:17:04 2015
24.0,42.0,25.34,Wed Sep 23 00:17:05 2015
24.0,42.0,25.34,Wed Sep 23 00:17:06 2015
24.0,42.0,25.34,Wed Sep 23 00:17:07 2015
24.0,42.0,25.34,Wed Sep 23 00:17:08 2015
24.0,42.0,25.34,Wed Sep 23 00:17:09 2015
24.0,42.0,25.34,Wed Sep 23 00:17:10 2015
24.0,42.0,25.34,Wed Sep 23 00:17:12 2015
24.0,42.0,25.34,Wed Sep 23 00:17:13 2015
24.0,42.0,25.34,Wed Sep 23 00:17:14 2015
24.0,42.0,25.34,Wed Sep 23 00:17:15 2015
24.0,42.0,25.34,Wed Sep 23 00:17:16 2015
24.0,42.0,25.34,Wed Sep 23 00:17:17 2015
24.0,41.0,25.33,Wed Sep 23 00:17:19 2015
24.0,41.0,25.33,Wed Sep 23 00:17:20 2015
24.0,42.0,25.34,Wed Sep 23 00:17:21 2015
24.0,42.0,25.34,Wed Sep 23 00:17:22 2015
24.0,41.0,25.33,Wed Sep 23 00:17:23 2015
24.0,41.0,25.33,Wed Sep 23 00:17:24 2015
24.0,42.0,25.34,Wed Sep 23 00:17:25 2015
24.0,42.0,25.34,Wed Sep 23 00:17:26 2015
24.0,42.0,25.34,Wed Sep 23 00:17:28 2015
24.0,42.0,25.34,Wed Sep 23 00:17:29 2015
24.0,42.0,25.34,Wed Sep 23 00:17:30 2015
24.0,42.0,25.34,Wed Sep 23 00:17:31 2015
24.0,41.0,25.33,Wed Sep 23 00:17:32 2015
24.0,41.0,25.33,Wed Sep 23 00:17:33 2015
24.0,41.0,25.33,Wed Sep 23 00:17:34 2015
24.0,41.0,25.33,Wed Sep 23 00:17:35 2015
24.0,41.0,25.33,Wed Sep 23 00:17:37 2015
24.0,41.0,25.33,Wed Sep 23 00:17:38 2015
24.0,42.0,25.34,Wed Sep 23 00:17:39 2015
24.0,42.0,25.34,Wed Sep 23 00:17:40 2015
24.0,41.0,25.33,Wed Sep 23 00:17:41 2015
24.0,41.0,25.33,Wed Sep 23 00:17:42 2015
24.0,42.0,25.34,Wed Sep 23 00:17:44 2015
24.0,42.0,25.34,Wed Sep 23 00:17:45 2015
24.0,41.0,25.33,Wed Sep 23 00:17:46 2015
24.0,41.0,25.33,Wed Sep 23 00:17:47 2015
24.0,41.0,25.33,Wed Sep 23 00:17:48 2015
24.0,41.0,25.33,Wed Sep 23 00:17:49 2015
24.0,42.0,25.34,Wed Sep 23 00:17:50 2015
24.0,42.0,25.34,Wed Sep 23 00:17:51 2015
24.0,41.0,25.33,Wed Sep 23 00:17:53 2015
24.0,41.0,25.33,Wed Sep 23 00:17:54 2015
24.0,41.0,25.33,Wed Sep 23 00:17:55 2015
24.0,41.0,25.33,Wed Sep 23 00:17:56 2015
24.0,41.0,25.33,Wed Sep 23 00:17:57 2015
24.0,41.0,25.33,Wed Sep 23 00:17:58 2015
24.0,41.0,25.33,Wed Sep 23 00:17:59 2015
24.0,41.0,25.33,Wed Sep 23 00:18:00 2015
24.0,42.0,25.34,Wed Sep 23 00:18:02 2015
24.0,42.0,25.34,Wed Sep 23 00:18:03 2015
24.0,41.0,25.33,Wed Sep 23 00:18:04 2015
24.0,41.0,25.33,Wed Sep 23 00:18:05 2015
24.0,42.0,25.34,Wed Sep 23 00:18:06 2015
24.0,42.0,25.34,Wed Sep 23 00:18:07 2015
24.0,42.0,25.34,Wed Sep 23 00:18:09 2015
24.0,42.0,25.34,Wed Sep 23 00:18:10 2015
24.0,41.0,25.33,Wed Sep 23 00:18:11 2015
24.0,41.0,25.33,Wed Sep 23 00:18:12 2015
24.0,42.0,25.34,Wed Sep 23 00:18:13 2015
24.0,42.0,25.34,Wed Sep 23 00:18:14 2015
24.0,42.0,25.34,Wed Sep 23 00:18:15 2015
24.0,42.0,25.34,Wed Sep 23 00:18:16 2015
24.0,42.0,25.34,Wed Sep 23 00:18:18 2015
24.0,42.0,25.34,Wed Sep 23 00:18:19 2015
24.0,41.0,25.33,Wed Sep 23 00:18:20 2015
24.0,41.0,25.33,Wed Sep 23 00:18:21 2015
24.0,41.0,25.33,Wed Sep 23 00:18:22 2015
24.0,41.0,25.33,Wed Sep 23 00:18:23 2015
24.0,42.0,25.34,Wed Sep 23 00:18:24 2015
24.0,42.0,25.34,Wed Sep 23 00:18:26 2015
24.0,42.0,25.34,Wed Sep 23 00:18:27 2015
24.0,42.0,25.34,Wed Sep 23 00:18:28 2015
24.0,42.0,25.34,Wed Sep 23 00:18:29 2015
24.0,42.0,25.34,Wed Sep 23 00:18:30 2015
24.0,41.0,25.33,Wed Sep 23 00:18:31 2015
24.0,41.0,25.33,Wed Sep 23 00:18:32 2015
24.0,42.0,25.34,Wed Sep 23 00:18:34 2015
24.0,42.0,25.34,Wed Sep 23 00:18:35 2015
24.0,41.0,25.33,Wed Sep 23 00:18:36 2015
24.0,41.0,25.33,Wed Sep 23 00:18:37 2015
24.0,42.0,25.34,Wed Sep 23 00:18:38 2015
24.0,42.0,25.34,Wed Sep 23 00:18:39 2015
24.0,42.0,25.34,Wed Sep 23 00:18:40 2015
24.0,42.0,25.34,Wed Sep 23 00:18:41 2015
24.0,41.0,25.33,Wed Sep 23 00:18:43 2015
24.0,41.0,25.33,Wed Sep 23 00:18:44 2015
24.0,41.0,25.33,Wed Sep 23 00:18:45 2015
24.0,41.0,25.33,Wed Sep 23 00:18:46 2015
24.0,41.0,25.33,Wed Sep 23 00:18:47 2015
24.0,41.0,25.33,Wed Sep 23 00:18:48 2015
24.0,41.0,25.33,Wed Sep 23 00:18:50 2015
24.0,41.0,25.33,Wed Sep 23 00:18:51 2015
24.0,42.0,25.34,Wed Sep 23 00:18:52 2015
24.0,42.0,25.34,Wed Sep 23 00:18:53 2015
24.0,41.0,25.33,Wed Sep 23 00:18:54 2015
24.0,41.0,25.33,Wed Sep 23 00:18:55 2015
24.0,42.0,25.34,Wed Sep 23 00:18:56 2015
24.0,42.0,25.34,Wed Sep 23 00:18:57 2015
24.0,42.0,25.34,Wed Sep 23 00:18:59 2015
24.0,42.0,25.34,Wed Sep 23 00:19:00 2015
24.0,41.0,25.33,Wed Sep 23 00:19:01 2015
24.0,41.0,25.33,Wed Sep 23 00:19:02 2015
24.0,42.0,25.34,Wed Sep 23 00:19:03 2015
24.0,42.0,25.34,Wed Sep 23 00:19:04 2015
24.0,42.0,25.34,Wed Sep 23 00:19:05 2015
24.0,42.0,25.34,Wed Sep 23 00:19:06 2015
24.0,42.0,25.34,Wed Sep 23 00:19:08 2015
24.0,42.0,25.34,Wed Sep 23 00:19:09 2015
24.0,41.0,25.33,Wed Sep 23 00:19:10 2015
24.0,41.0,25.33,Wed Sep 23 00:19:11 2015
24.0,42.0,25.34,Wed Sep 23 00:19:12 2015
24.0,42.0,25.34,Wed Sep 23 00:19:13 2015
24.0,42.0,25.34,Wed Sep 23 00:19:15 2015
24.0,42.0,25.34,Wed Sep 23 00:19:16 2015
24.0,42.0,25.34,Wed Sep 23 00:19:17 2015
24.0,42.0,25.34,Wed Sep 23 00:19:18 2015
24.0,42.0,25.34,Wed Sep 23 00:19:19 2015
24.0,42.0,25.34,Wed Sep 23 00:19:20 2015
24.0,42.0,25.34,Wed Sep 23 00:19:21 2015
24.0,42.0,25.34,Wed Sep 23 00:19:22 2015
24.0,42.0,25.34,Wed Sep 23 00:19:24 2015
24.0,42.0,25.34,Wed Sep 23 00:19:25 2015
24.0,41.0,25.33,Wed Sep 23 00:19:26 2015
24.0,41.0,25.33,Wed Sep 23 00:19:27 2015
24.0,41.0,25.33,Wed Sep 23 00:19:28 2015
24.0,41.0,25.33,Wed Sep 23 00:19:29 2015
24.0,42.0,25.34,Wed Sep 23 00:19:31 2015
24.0,42.0,25.34,Wed Sep 23 00:19:32 2015
24.0,42.0,25.34,Wed Sep 23 00:19:33 2015
24.0,42.0,25.34,Wed Sep 23 00:19:34 2015
24.0,41.0,25.33,Wed Sep 23 00:19:35 2015
24.0,41.0,25.33,Wed Sep 23 00:19:36 2015
24.0,41.0,25.33,Wed Sep 23 00:19:37 2015
24.0,41.0,25.33,Wed Sep 23 00:19:38 2015
24.0,42.0,25.34,Wed Sep 23 00:19:40 2015
24.0,42.0,25.34,Wed Sep 23 00:19:41 2015
24.0,42.0,25.34,Wed Sep 23 00:19:42 2015
24.0,42.0,25.34,Wed Sep 23 00:19:43 2015
24.0,41.0,25.33,Wed Sep 23 00:19:44 2015
24.0,41.0,25.33,Wed Sep 23 00:19:45 2015
24.0,42.0,25.34,Wed Sep 23 00:19:46 2015
24.0,42.0,25.34,Wed Sep 23 00:19:47 2015
24.0,41.0,25.33,Wed Sep 23 00:19:49 2015
24.0,41.0,25.33,Wed Sep 23 00:19:50 2015
24.0,42.0,25.34,Wed Sep 23 00:19:51 2015
24.0,42.0,25.34,Wed Sep 23 00:19:52 2015
24.0,42.0,25.34,Wed Sep 23 00:19:53 2015
24.0,42.0,25.34,Wed Sep 23 00:19:54 2015
24.0,42.0,25.34,Wed Sep 23 00:19:56 2015
24.0,42.0,25.34,Wed Sep 23 00:19:57 2015
24.0,42.0,25.34,Wed Sep 23 00:19:58 2015
24.0,42.0,25.34,Wed Sep 23 00:19:59 2015
24.0,41.0,25.33,Wed Sep 23 00:20:00 2015
24.0,41.0,25.33,Wed Sep 23 00:20:01 2015
24.0,41.0,25.33,Wed Sep 23 00:20:02 2015
24.0,41.0,25.33,Wed Sep 23 00:20:03 2015
24.0,41.0,25.33,Wed Sep 23 00:20:05 2015
24.0,41.0,25.33,Wed Sep 23 00:20:06 2015
24.0,41.0,25.33,Wed Sep 23 00:20:07 2015
24.0,41.0,25.33,Wed Sep 23 00:20:08 2015
24.0,43.0,25.36,Wed Sep 23 00:20:09 2015
24.0,43.0,25.36,Wed Sep 23 00:20:10 2015
24.0,41.0,25.33,Wed Sep 23 00:20:11 2015
24.0,41.0,25.33,Wed Sep 23 00:20:12 2015
24.0,42.0,25.34,Wed Sep 23 00:20:14 2015
24.0,42.0,25.34,Wed Sep 23 00:20:15 2015
24.0,42.0,25.34,Wed Sep 23 00:20:16 2015
24.0,42.0,25.34,Wed Sep 23 00:20:17 2015
24.0,41.0,25.33,Wed Sep 23 00:20:18 2015
24.0,41.0,25.33,Wed Sep 23 00:20:19 2015
24.0,42.0,25.34,Wed Sep 23 00:20:21 2015
24.0,42.0,25.34,Wed Sep 23 00:20:22 2015
24.0,42.0,25.34,Wed Sep 23 00:20:23 2015
24.0,42.0,25.34,Wed Sep 23 00:20:24 2015
24.0,42.0,25.34,Wed Sep 23 00:20:25 2015
24.0,42.0,25.34,Wed Sep 23 00:20:26 2015
24.0,41.0,25.33,Wed Sep 23 00:20:27 2015
24.0,41.0,25.33,Wed Sep 23 00:20:28 2015
24.0,42.0,25.34,Wed Sep 23 00:20:30 2015
24.0,42.0,25.34,Wed Sep 23 00:20:31 2015
24.0,41.0,25.33,Wed Sep 23 00:20:32 2015
24.0,41.0,25.33,Wed Sep 23 00:20:33 2015
24.0,41.0,25.33,Wed Sep 23 00:20:34 2015
24.0,41.0,25.33,Wed Sep 23 00:20:35 2015
24.0,42.0,25.34,Wed Sep 23 00:20:37 2015
24.0,42.0,25.34,Wed Sep 23 00:20:38 2015
24.0,41.0,25.33,Wed Sep 23 00:20:39 2015
24.0,41.0,25.33,Wed Sep 23 00:20:40 2015
24.0,41.0,25.33,Wed Sep 23 00:20:41 2015
24.0,41.0,25.33,Wed Sep 23 00:20:42 2015
24.0,42.0,25.34,Wed Sep 23 00:20:43 2015
24.0,42.0,25.34,Wed Sep 23 00:20:44 2015
24.0,41.0,25.33,Wed Sep 23 00:20:46 2015
24.0,41.0,25.33,Wed Sep 23 00:20:47 2015
24.0,42.0,25.34,Wed Sep 23 00:20:48 2015
24.0,42.0,25.34,Wed Sep 23 00:20:49 2015
24.0,41.0,25.33,Wed Sep 23 00:20:50 2015
24.0,41.0,25.33,Wed Sep 23 00:20:51 2015
24.0,42.0,25.34,Wed Sep 23 00:20:53 2015
24.0,42.0,25.34,Wed Sep 23 00:20:53 2015
24.0,42.0,25.34,Wed Sep 23 00:20:55 2015
24.0,42.0,25.34,Wed Sep 23 00:20:56 2015
24.0,41.0,25.33,Wed Sep 23 00:20:57 2015
24.0,41.0,25.33,Wed Sep 23 00:20:58 2015
24.0,42.0,25.34,Wed Sep 23 00:20:59 2015
24.0,42.0,25.34,Wed Sep 23 00:21:00 2015
24.0,42.0,25.34,Wed Sep 23 00:21:02 2015
24.0,42.0,25.34,Wed Sep 23 00:21:03 2015
24.0,43.0,25.36,Wed Sep 23 00:21:04 2015
24.0,43.0,25.36,Wed Sep 23 00:21:05 2015
24.0,44.0,25.37,Wed Sep 23 00:21:06 2015
24.0,44.0,25.37,Wed Sep 23 00:21:07 2015
25.0,44.0,25.78,Wed Sep 23 00:21:08 2015
25.0,44.0,25.78,Wed Sep 23 00:21:09 2015
25.0,44.0,25.78,Wed Sep 23 00:21:11 2015
25.0,44.0,25.78,Wed Sep 23 00:21:12 2015
26.0,45.0,26.39,Wed Sep 23 00:21:13 2015
26.0,45.0,26.39,Wed Sep 23 00:21:14 2015
26.0,45.0,26.39,Wed Sep 23 00:21:15 2015
26.0,45.0,26.39,Wed Sep 23 00:21:16 2015
27.0,44.0,27.07,Wed Sep 23 00:21:17 2015
27.0,44.0,27.07,Wed Sep 23 00:21:18 2015
27.0,44.0,27.07,Wed Sep 23 00:21:20 2015
27.0,44.0,27.07,Wed Sep 23 00:21:21 2015
27.0,44.0,27.07,Wed Sep 23 00:21:22 2015
27.0,44.0,27.07,Wed Sep 23 00:21:23 2015
28.0,45.0,28.03,Wed Sep 23 00:21:24 2015
28.0,45.0,28.03,Wed Sep 23 00:21:25 2015
28.0,45.0,28.03,Wed Sep 23 00:21:27 2015
28.0,45.0,28.03,Wed Sep 23 00:21:28 2015
28.0,45.0,28.03,Wed Sep 23 00:21:29 2015
28.0,45.0,28.03,Wed Sep 23 00:21:30 2015
28.0,46.0,28.11,Wed Sep 23 00:21:31 2015
28.0,46.0,28.11,Wed Sep 23 00:21:32 2015
28.0,46.0,28.11,Wed Sep 23 00:21:33 2015
28.0,46.0,28.11,Wed Sep 23 00:21:34 2015
29.0,46.0,29.2,Wed Sep 23 00:21:36 2015
29.0,46.0,29.2,Wed Sep 23 00:21:37 2015
29.0,46.0,29.2,Wed Sep 23 00:21:38 2015
29.0,46.0,29.2,Wed Sep 23 00:21:39 2015
29.0,46.0,29.2,Wed Sep 23 00:21:40 2015
29.0,46.0,29.2,Wed Sep 23 00:21:41 2015
29.0,45.0,29.1,Wed Sep 23 00:21:43 2015
29.0,45.0,29.1,Wed Sep 23 00:21:44 2015
29.0,45.0,29.1,Wed Sep 23 00:21:45 2015
29.0,45.0,29.1,Wed Sep 23 00:21:46 2015
29.0,45.0,29.1,Wed Sep 23 00:21:47 2015
29.0,45.0,29.1,Wed Sep 23 00:21:48 2015
29.0,45.0,29.1,Wed Sep 23 00:21:49 2015
29.0,45.0,29.1,Wed Sep 23 00:21:50 2015
29.0,44.0,28.99,Wed Sep 23 00:21:52 2015
29.0,44.0,28.99,Wed Sep 23 00:21:53 2015
29.0,44.0,28.99,Wed Sep 23 00:21:54 2015
29.0,44.0,28.99,Wed Sep 23 00:21:55 2015
29.0,44.0,28.99,Wed Sep 23 00:21:56 2015
29.0,44.0,28.99,Wed Sep 23 00:21:57 2015
29.0,44.0,28.99,Wed Sep 23 00:21:59 2015
29.0,44.0,28.99,Wed Sep 23 00:22:00 2015
29.0,44.0,28.99,Wed Sep 23 00:22:01 2015
29.0,44.0,28.99,Wed Sep 23 00:22:02 2015
29.0,44.0,28.99,Wed Sep 23 00:22:03 2015
29.0,44.0,28.99,Wed Sep 23 00:22:04 2015
28.0,44.0,27.96,Wed Sep 23 00:22:05 2015
28.0,44.0,27.96,Wed Sep 23 00:22:06 2015
28.0,44.0,27.96,Wed Sep 23 00:22:08 2015
28.0,44.0,27.96,Wed Sep 23 00:22:09 2015
28.0,44.0,27.96,Wed Sep 23 00:22:10 2015
28.0,44.0,27.96,Wed Sep 23 00:22:11 2015
28.0,44.0,27.96,Wed Sep 23 00:22:12 2015
28.0,44.0,27.96,Wed Sep 23 00:22:13 2015
28.0,44.0,27.96,Wed Sep 23 00:22:14 2015
28.0,44.0,27.96,Wed Sep 23 00:22:15 2015
28.0,44.0,27.96,Wed Sep 23 00:22:17 2015
28.0,44.0,27.96,Wed Sep 23 00:22:18 2015
28.0,44.0,27.96,Wed Sep 23 00:22:19 2015
28.0,44.0,27.96,Wed Sep 23 00:22:20 2015
28.0,44.0,27.96,Wed Sep 23 00:22:21 2015
28.0,44.0,27.96,Wed Sep 23 00:22:22 2015
28.0,43.0,27.88,Wed Sep 23 00:22:24 2015
28.0,43.0,27.88,Wed Sep 23 00:22:25 2015
28.0,43.0,27.88,Wed Sep 23 00:22:26 2015
28.0,43.0,27.88,Wed Sep 23 00:22:27 2015
28.0,43.0,27.88,Wed Sep 23 00:22:28 2015
28.0,43.0,27.88,Wed Sep 23 00:22:29 2015
28.0,43.0,27.88,Wed Sep 23 00:22:30 2015
28.0,43.0,27.88,Wed Sep 23 00:22:31 2015
28.0,43.0,27.88,Wed Sep 23 00:22:33 2015
28.0,43.0,27.88,Wed Sep 23 00:22:34 2015
28.0,43.0,27.88,Wed Sep 23 00:22:35 2015
28.0,43.0,27.88,Wed Sep 23 00:22:36 2015
28.0,43.0,27.88,Wed Sep 23 00:22:37 2015
28.0,43.0,27.88,Wed Sep 23 00:22:38 2015
28.0,43.0,27.88,Wed Sep 23 00:22:39 2015
28.0,43.0,27.88,Wed Sep 23 00:22:41 2015
28.0,43.0,27.88,Wed Sep 23 00:22:42 2015
28.0,43.0,27.88,Wed Sep 23 00:22:43 2015
28.0,43.0,27.88,Wed Sep 23 00:22:44 2015
28.0,43.0,27.88,Wed Sep 23 00:22:45 2015
28.0,43.0,27.88,Wed Sep 23 00:22:46 2015
28.0,43.0,27.88,Wed Sep 23 00:22:47 2015
27.0,42.0,26.97,Wed Sep 23 00:22:49 2015
27.0,42.0,26.97,Wed Sep 23 00:22:50 2015
28.0,42.0,27.81,Wed Sep 23 00:22:51 2015
28.0,42.0,27.81,Wed Sep 23 00:22:52 2015
27.0,42.0,26.97,Wed Sep 23 00:22:53 2015
27.0,42.0,26.97,Wed Sep 23 00:22:54 2015
27.0,42.0,26.97,Wed Sep 23 00:22:55 2015
27.0,42.0,26.97,Wed Sep 23 00:22:56 2015
27.0,42.0,26.97,Wed Sep 23 00:22:58 2015
27.0,42.0,26.97,Wed Sep 23 00:22:59 2015
27.0,41.0,26.92,Wed Sep 23 00:23:00 2015
27.0,41.0,26.92,Wed Sep 23 00:23:01 2015
27.0,41.0,26.92,Wed Sep 23 00:23:02 2015
27.0,41.0,26.92,Wed Sep 23 00:23:03 2015
27.0,41.0,26.92,Wed Sep 23 00:23:05 2015
27.0,41.0,26.92,Wed Sep 23 00:23:06 2015
27.0,41.0,26.92,Wed Sep 23 00:23:07 2015
27.0,41.0,26.92,Wed Sep 23 00:23:08 2015
27.0,40.0,26.87,Wed Sep 23 00:23:09 2015
27.0,40.0,26.87,Wed Sep 23 00:23:10 2015
27.0,41.0,26.92,Wed Sep 23 00:23:11 2015
27.0,41.0,26.92,Wed Sep 23 00:23:12 2015
27.0,40.0,26.87,Wed Sep 23 00:23:14 2015
27.0,40.0,26.87,Wed Sep 23 00:23:15 2015
27.0,40.0,26.87,Wed Sep 23 00:23:16 2015
27.0,40.0,26.87,Wed Sep 23 00:23:17 2015
27.0,40.0,26.87,Wed Sep 23 00:23:18 2015
27.0,40.0,26.87,Wed Sep 23 00:23:19 2015
27.0,40.0,26.87,Wed Sep 23 00:23:20 2015
27.0,40.0,26.87,Wed Sep 23 00:23:21 2015
27.0,40.0,26.87,Wed Sep 23 00:23:23 2015
27.0,40.0,26.87,Wed Sep 23 00:23:24 2015
26.0,41.0,26.24,Wed Sep 23 00:23:25 2015
26.0,41.0,26.24,Wed Sep 23 00:23:26 2015
27.0,40.0,26.87,Wed Sep 23 00:23:27 2015
27.0,40.0,26.87,Wed Sep 23 00:23:28 2015
26.0,41.0,26.24,Wed Sep 23 00:23:30 2015
26.0,41.0,26.24,Wed Sep 23 00:23:31 2015
26.0,41.0,26.24,Wed Sep 23 00:23:32 2015
26.0,41.0,26.24,Wed Sep 23 00:23:33 2015
26.0,41.0,26.24,Wed Sep 23 00:23:34 2015
26.0,41.0,26.24,Wed Sep 23 00:23:35 2015
26.0,41.0,26.24,Wed Sep 23 00:23:36 2015
26.0,41.0,26.24,Wed Sep 23 00:23:37 2015
26.0,41.0,26.24,Wed Sep 23 00:23:39 2015
26.0,41.0,26.24,Wed Sep 23 00:23:40 2015
26.0,40.0,26.21,Wed Sep 23 00:23:41 2015
26.0,40.0,26.21,Wed Sep 23 00:23:42 2015
26.0,40.0,26.21,Wed Sep 23 00:23:43 2015
26.0,40.0,26.21,Wed Sep 23 00:23:44 2015
26.0,40.0,26.21,Wed Sep 23 00:23:46 2015
26.0,40.0,26.21,Wed Sep 23 00:23:47 2015
26.0,40.0,26.21,Wed Sep 23 00:23:48 2015
26.0,40.0,26.21,Wed Sep 23 00:23:49 2015
26.0,41.0,26.24,Wed Sep 23 00:23:50 2015
26.0,41.0,26.24,Wed Sep 23 00:23:51 2015
26.0,40.0,26.21,Wed Sep 23 00:23:52 2015
26.0,40.0,26.21,Wed Sep 23 00:23:53 2015
26.0,41.0,26.24,Wed Sep 23 00:23:55 2015
26.0,41.0,26.24,Wed Sep 23 00:23:56 2015
26.0,40.0,26.21,Wed Sep 23 00:23:57 2015
26.0,40.0,26.21,Wed Sep 23 00:23:58 2015
26.0,39.0,26.17,Wed Sep 23 00:23:59 2015
26.0,39.0,26.17,Wed Sep 23 00:24:00 2015
26.0,41.0,26.24,Wed Sep 23 00:24:01 2015
26.0,41.0,26.24,Wed Sep 23 00:24:02 2015
26.0,39.0,26.17,Wed Sep 23 00:24:04 2015
26.0,39.0,26.17,Wed Sep 23 00:24:05 2015
26.0,40.0,26.21,Wed Sep 23 00:24:06 2015
26.0,40.0,26.21,Wed Sep 23 00:24:07 2015
26.0,40.0,26.21,Wed Sep 23 00:24:08 2015
26.0,40.0,26.21,Wed Sep 23 00:24:09 2015
26.0,39.0,26.17,Wed Sep 23 00:24:11 2015
26.0,39.0,26.17,Wed Sep 23 00:24:12 2015
26.0,40.0,26.21,Wed Sep 23 00:24:13 2015
26.0,40.0,26.21,Wed Sep 23 00:24:14 2015
26.0,40.0,26.21,Wed Sep 23 00:24:15 2015
26.0,40.0,26.21,Wed Sep 23 00:24:16 2015
26.0,40.0,26.21,Wed Sep 23 00:24:17 2015
26.0,40.0,26.21,Wed Sep 23 00:24:18 2015
25.0,39.0,25.66,Wed Sep 23 00:24:20 2015
25.0,39.0,25.66,Wed Sep 23 00:24:21 2015
25.0,40.0,25.69,Wed Sep 23 00:24:22 2015
25.0,40.0,25.69,Wed Sep 23 00:24:23 2015
26.0,40.0,26.21,Wed Sep 23 00:24:24 2015
26.0,40.0,26.21,Wed Sep 23 00:24:25 2015
25.0,39.0,25.66,Wed Sep 23 00:24:26 2015
25.0,39.0,25.66,Wed Sep 23 00:24:27 2015
25.0,39.0,25.66,Wed Sep 23 00:24:29 2015
25.0,39.0,25.66,Wed Sep 23 00:24:30 2015
25.0,39.0,25.66,Wed Sep 23 00:24:31 2015
25.0,39.0,25.66,Wed Sep 23 00:24:32 2015
25.0,40.0,25.69,Wed Sep 23 00:24:33 2015
25.0,40.0,25.69,Wed Sep 23 00:24:34 2015
25.0,41.0,25.71,Wed Sep 23 00:24:36 2015
25.0,41.0,25.71,Wed Sep 23 00:24:37 2015
25.0,39.0,25.66,Wed Sep 23 00:24:38 2015
25.0,39.0,25.66,Wed Sep 23 00:24:39 2015
25.0,39.0,25.66,Wed Sep 23 00:24:40 2015
25.0,39.0,25.66,Wed Sep 23 00:24:41 2015
25.0,39.0,25.66,Wed Sep 23 00:24:42 2015
25.0,39.0,25.66,Wed Sep 23 00:24:43 2015
25.0,40.0,25.69,Wed Sep 23 00:24:45 2015
25.0,40.0,25.69,Wed Sep 23 00:24:46 2015
25.0,39.0,25.66,Wed Sep 23 00:24:47 2015
25.0,39.0,25.66,Wed Sep 23 00:24:48 2015
25.0,39.0,25.66,Wed Sep 23 00:24:49 2015
25.0,39.0,25.66,Wed Sep 23 00:24:50 2015
25.0,39.0,25.66,Wed Sep 23 00:24:51 2015
25.0,39.0,25.66,Wed Sep 23 00:24:52 2015
25.0,39.0,25.66,Wed Sep 23 00:24:54 2015
25.0,39.0,25.66,Wed Sep 23 00:24:55 2015
25.0,39.0,25.66,Wed Sep 23 00:24:56 2015
25.0,39.0,25.66,Wed Sep 23 00:24:57 2015
25.0,39.0,25.66,Wed Sep 23 00:24:58 2015
25.0,39.0,25.66,Wed Sep 23 00:24:59 2015
25.0,39.0,25.66,Wed Sep 23 00:25:01 2015
25.0,39.0,25.66,Wed Sep 23 00:25:02 2015
25.0,40.0,25.69,Wed Sep 23 00:25:03 2015
25.0,40.0,25.69,Wed Sep 23 00:25:04 2015
25.0,40.0,25.69,Wed Sep 23 00:25:05 2015
25.0,40.0,25.69,Wed Sep 23 00:25:06 2015
25.0,39.0,25.66,Wed Sep 23 00:25:07 2015
25.0,39.0,25.66,Wed Sep 23 00:25:08 2015
25.0,39.0,25.66,Wed Sep 23 00:25:10 2015
25.0,39.0,25.66,Wed Sep 23 00:25:11 2015
25.0,39.0,25.66,Wed Sep 23 00:25:12 2015
25.0,39.0,25.66,Wed Sep 23 00:25:13 2015
25.0,39.0,25.66,Wed Sep 23 00:25:14 2015
25.0,39.0,25.66,Wed Sep 23 00:25:15 2015
25.0,39.0,25.66,Wed Sep 23 00:25:17 2015
25.0,39.0,25.66,Wed Sep 23 00:25:18 2015
24.0,40.0,25.31,Wed Sep 23 00:25:19 2015
24.0,40.0,25.31,Wed Sep 23 00:25:20 2015
25.0,39.0,25.66,Wed Sep 23 00:25:21 2015
25.0,39.0,25.66,Wed Sep 23 00:25:22 2015
24.0,40.0,25.31,Wed Sep 23 00:25:23 2015
24.0,40.0,25.31,Wed Sep 23 00:25:24 2015
25.0,40.0,25.69,Wed Sep 23 00:25:26 2015
25.0,40.0,25.69,Wed Sep 23 00:25:27 2015
25.0,39.0,25.66,Wed Sep 23 00:25:28 2015
25.0,39.0,25.66,Wed Sep 23 00:25:29 2015
24.0,41.0,25.33,Wed Sep 23 00:25:30 2015
24.0,41.0,25.33,Wed Sep 23 00:25:31 2015
25.0,41.0,25.71,Wed Sep 23 00:25:33 2015
25.0,41.0,25.71,Wed Sep 23 00:25:33 2015
24.0,41.0,25.33,Wed Sep 23 00:25:35 2015
24.0,41.0,25.33,Wed Sep 23 00:25:36 2015
25.0,40.0,25.69,Wed Sep 23 00:25:37 2015
25.0,40.0,25.69,Wed Sep 23 00:25:38 2015
24.0,40.0,25.31,Wed Sep 23 00:25:39 2015
24.0,40.0,25.31,Wed Sep 23 00:25:40 2015
24.0,41.0,25.33,Wed Sep 23 00:25:42 2015
24.0,41.0,25.33,Wed Sep 23 00:25:43 2015
25.0,39.0,25.66,Wed Sep 23 00:25:44 2015
25.0,39.0,25.66,Wed Sep 23 00:25:45 2015
24.0,40.0,25.31,Wed Sep 23 00:25:46 2015
24.0,40.0,25.31,Wed Sep 23 00:25:47 2015
24.0,41.0,25.33,Wed Sep 23 00:25:48 2015
24.0,41.0,25.33,Wed Sep 23 00:25:49 2015
24.0,40.0,25.31,Wed Sep 23 00:25:51 2015
24.0,40.0,25.31,Wed Sep 23 00:25:52 2015
24.0,42.0,25.34,Wed Sep 23 00:25:53 2015
24.0,42.0,25.34,Wed Sep 23 00:25:54 2015
24.0,40.0,25.31,Wed Sep 23 00:25:55 2015
24.0,40.0,25.31,Wed Sep 23 00:25:56 2015
24.0,41.0,25.33,Wed Sep 23 00:25:58 2015
24.0,41.0,25.33,Wed Sep 23 00:25:59 2015
24.0,40.0,25.31,Wed Sep 23 00:26:00 2015
24.0,40.0,25.31,Wed Sep 23 00:26:01 2015
24.0,40.0,25.31,Wed Sep 23 00:26:02 2015
24.0,40.0,25.31,Wed Sep 23 00:26:03 2015
24.0,41.0,25.33,Wed Sep 23 00:26:04 2015
24.0,41.0,25.33,Wed Sep 23 00:26:05 2015
24.0,40.0,25.31,Wed Sep 23 00:26:07 2015
24.0,40.0,25.31,Wed Sep 23 00:26:08 2015
24.0,40.0,25.31,Wed Sep 23 00:26:09 2015
24.0,40.0,25.31,Wed Sep 23 00:26:10 2015
24.0,40.0,25.31,Wed Sep 23 00:26:11 2015
24.0,40.0,25.31,Wed Sep 23 00:26:12 2015
24.0,41.0,25.33,Wed Sep 23 00:26:13 2015
24.0,41.0,25.33,Wed Sep 23 00:26:15 2015
24.0,40.0,25.31,Wed Sep 23 00:26:16 2015
24.0,40.0,25.31,Wed Sep 23 00:26:17 2015
24.0,40.0,25.31,Wed Sep 23 00:26:18 2015
24.0,40.0,25.31,Wed Sep 23 00:26:19 2015
24.0,40.0,25.31,Wed Sep 23 00:26:20 2015
24.0,40.0,25.31,Wed Sep 23 00:26:21 2015
24.0,41.0,25.33,Wed Sep 23 00:26:23 2015
24.0,41.0,25.33,Wed Sep 23 00:26:24 2015
24.0,40.0,25.31,Wed Sep 23 00:26:25 2015
24.0,40.0,25.31,Wed Sep 23 00:26:26 2015
24.0,41.0,25.33,Wed Sep 23 00:26:27 2015
24.0,41.0,25.33,Wed Sep 23 00:26:28 2015
24.0,41.0,25.33,Wed Sep 23 00:26:29 2015
24.0,41.0,25.33,Wed Sep 23 00:26:30 2015
24.0,42.0,25.34,Wed Sep 23 00:26:32 2015
24.0,42.0,25.34,Wed Sep 23 00:26:33 2015
24.0,40.0,25.31,Wed Sep 23 00:26:34 2015
24.0,40.0,25.31,Wed Sep 23 00:26:35 2015
24.0,42.0,25.34,Wed Sep 23 00:26:36 2015
24.0,42.0,25.34,Wed Sep 23 00:26:37 2015
24.0,40.0,25.31,Wed Sep 23 00:26:38 2015
24.0,40.0,25.31,Wed Sep 23 00:26:39 2015
24.0,41.0,25.33,Wed Sep 23 00:26:41 2015
24.0,41.0,25.33,Wed Sep 23 00:26:42 2015
24.0,41.0,25.33,Wed Sep 23 00:26:43 2015
24.0,41.0,25.33,Wed Sep 23 00:26:44 2015
24.0,41.0,25.33,Wed Sep 23 00:26:45 2015
24.0,41.0,25.33,Wed Sep 23 00:26:46 2015
24.0,41.0,25.33,Wed Sep 23 00:26:48 2015
24.0,41.0,25.33,Wed Sep 23 00:26:49 2015
24.0,40.0,25.31,Wed Sep 23 00:26:50 2015
24.0,40.0,25.31,Wed Sep 23 00:26:51 2015
24.0,40.0,25.31,Wed Sep 23 00:26:52 2015
24.0,40.0,25.31,Wed Sep 23 00:26:53 2015
24.0,41.0,25.33,Wed Sep 23 00:26:54 2015
24.0,41.0,25.33,Wed Sep 23 00:26:56 2015
24.0,40.0,25.31,Wed Sep 23 00:26:57 2015
24.0,40.0,25.31,Wed Sep 23 00:26:58 2015
24.0,41.0,25.33,Wed Sep 23 00:26:59 2015
24.0,41.0,25.33,Wed Sep 23 00:27:00 2015
24.0,40.0,25.31,Wed Sep 23 00:27:01 2015
24.0,40.0,25.31,Wed Sep 23 00:27:02 2015
24.0,41.0,25.33,Wed Sep 23 00:27:04 2015
24.0,41.0,25.33,Wed Sep 23 00:27:05 2015
24.0,40.0,25.31,Wed Sep 23 00:27:06 2015
24.0,40.0,25.31,Wed Sep 23 00:27:07 2015
24.0,40.0,25.31,Wed Sep 23 00:27:08 2015
24.0,40.0,25.31,Wed Sep 23 00:27:09 2015
24.0,42.0,25.34,Wed Sep 23 00:27:10 2015
24.0,42.0,25.34,Wed Sep 23 00:27:11 2015
24.0,41.0,25.33,Wed Sep 23 00:27:13 2015
24.0,41.0,25.33,Wed Sep 23 00:27:14 2015
24.0,42.0,25.34,Wed Sep 23 00:27:15 2015
24.0,42.0,25.34,Wed Sep 23 00:27:16 2015
24.0,41.0,25.33,Wed Sep 23 00:27:17 2015
24.0,41.0,25.33,Wed Sep 23 00:27:18 2015
24.0,41.0,25.33,Wed Sep 23 00:27:19 2015
24.0,41.0,25.33,Wed Sep 23 00:27:20 2015
24.0,42.0,25.34,Wed Sep 23 00:27:22 2015
24.0,42.0,25.34,Wed Sep 23 00:27:23 2015
24.0,40.0,25.31,Wed Sep 23 00:27:24 2015
24.0,40.0,25.31,Wed Sep 23 00:27:25 2015
24.0,41.0,25.33,Wed Sep 23 00:27:26 2015
24.0,41.0,25.33,Wed Sep 23 00:27:27 2015
24.0,41.0,25.33,Wed Sep 23 00:27:29 2015
24.0,41.0,25.33,Wed Sep 23 00:27:30 2015
24.0,41.0,25.33,Wed Sep 23 00:27:31 2015
24.0,41.0,25.33,Wed Sep 23 00:27:32 2015
24.0,41.0,25.33,Wed Sep 23 00:27:33 2015
24.0,41.0,25.33,Wed Sep 23 00:27:34 2015
24.0,41.0,25.33,Wed Sep 23 00:27:35 2015
24.0,41.0,25.33,Wed Sep 23 00:27:36 2015
24.0,41.0,25.33,Wed Sep 23 00:27:38 2015
24.0,41.0,25.33,Wed Sep 23 00:27:39 2015
24.0,40.0,25.31,Wed Sep 23 00:27:40 2015
24.0,40.0,25.31,Wed Sep 23 00:27:41 2015
24.0,40.0,25.31,Wed Sep 23 00:27:42 2015
24.0,40.0,25.31,Wed Sep 23 00:27:43 2015
24.0,41.0,25.33,Wed Sep 23 00:27:45 2015
24.0,41.0,25.33,Wed Sep 23 00:27:46 2015
24.0,41.0,25.33,Wed Sep 23 00:27:47 2015
24.0,41.0,25.33,Wed Sep 23 00:27:48 2015
24.0,42.0,25.34,Wed Sep 23 00:27:49 2015
24.0,42.0,25.34,Wed Sep 23 00:27:50 2015
24.0,41.0,25.33,Wed Sep 23 00:27:51 2015
24.0,41.0,25.33,Wed Sep 23 00:27:52 2015
